Image Name,Predicted Class
082_165+37.jpg,2
174_187+6.jpg,1
164_187+6.jpg,1
008_066+23.jpg,2
027_086+95.jpg,0
058_071+39.jpg,0
062_190+28.jpg,2
137_139+36.jpg,1
025_102+14.jpg,2
FIG+35.jpg,1
009_071+24.jpg,2
035_108+34.jpg,2
006_023+48.jpg,0
133_175+7.jpg,1
101_135+77.jpg,1
059_086+95.jpg,2
115_106+8.jpg,0
147_154+80.jpg,1
018_021+46.jpg,1
037_100+5.jpg,2
024_073+42.jpg,2
029_187+6-ball.jpg,0
061_073+42.jpg,2
061_066+13.jpg,1
114_187+6-ball.jpg,0
030_175+7.jpg,2
053_190+28.jpg,2
150_SV-P+49.jpg,1
206_187+6.jpg,0
064_101+22.jpg,2
006_165+37.jpg,0
016_021+41.jpg,1
015_021+17.jpg,1
073_066+23.jpg,0
079_106+8.jpg,2
011_020+32.jpg,1
026_165+37.jpg,2
054_064+21.jpg,1
040_064+21.jpg,2
050_066+29.jpg,2
074_175+7.jpg,0
035_187+6.jpg,2
013_020+3.jpg,1
090_139+36.jpg,0
018_102+14.jpg,0
085_071+24.jpg,0
134_190+28.jpg,2
067_187+6.jpg,2
011_102+14.jpg,2
029_086+95.jpg,2
003_008+11.jpg,2
028_064+21.jpg,2
191_165+37.jpg,0
107_106+8.jpg,0
006_098+1.jpg,2
029_071+40.jpg,2
006_078+44.jpg,2
090_064+9.jpg,0
008_165+37.jpg,2
117_187+6.jpg,0
009_086+94.jpg,2
002_066+13.jpg,0
087_071+24.jpg,2
051_187+6.jpg,2
122_139+36.jpg,1
087_071+25.jpg,0
122_175+7.jpg,2
145_164+82.jpg,1
019_021+19.jpg,1
145_190+28.jpg,2
145_175+7.jpg,1
017_098+1.jpg,2
006_108+34.jpg,2
328_190+28.jpg,0
017_018+16.jpg,1
050_086+95.jpg,2
063_100+5.jpg,2
003_042+10.jpg,2
125_139+36.jpg,1
017_030+50.jpg,1
092_071+25.jpg,0
055_190+28.jpg,2
021_024+56.jpg,1
013_071+25.jpg,2
087_064+9.jpg,0
037_187+6-ball.jpg,0
067_187+6-ball.jpg,2
115_139+36.jpg,1
046_073+42.jpg,2
216_190+28.jpg,2
066_071+25.jpg,1
254_190+28.jpg,2
015_022+27.jpg,1
046_102+14.jpg,0
168_190+28.jpg,1
009_SV-P+49.jpg,2
131_187+6.jpg,2
014_042+10.jpg,1
065_175+7.jpg,0
113_106+8.jpg,0
069_139+36.jpg,2
013_086+94.jpg,2
094_187+6-ball.jpg,0
131_159+69.jpg,1
DAR+70.jpg,1
138_187+6-ball.jpg,1
048_078+45.jpg,2
115_175+7.jpg,2
023_078+44.jpg,2
120_187+6.jpg,0
080_066+30.jpg,0
078_108+34.jpg,2
081_187+6.jpg,2
157_175+7.jpg,1
008_064+9.jpg,2
002_SV-P+49.jpg,2
004_066+29.jpg,2
074_078+44.jpg,1
027_108+34.jpg,2
015_063+2.jpg,2
001_071+24.jpg,2
052_098+1.jpg,2
007_023+47.jpg,2
047_073+42.jpg,2
063_066+29.jpg,1
064_066+29.jpg,1
291_190+28.jpg,2
073_063+2.jpg,0
024_042+10.jpg,1
152_165+37.jpg,1
096_187+6-ball.jpg,0
022_098+1.jpg,2
061_165+37.jpg,2
FIG+47.jpg,1
044_071+40.jpg,2
064_071+24.jpg,1
005_187+6-ball.jpg,2
004_066+13.jpg,2
191_SV-P+49.jpg,2
072_071+25.jpg,0
006_102+14.jpg,2
072_165+37.jpg,2
059_066+29.jpg,1
053_066+29.jpg,2
221_187+6.jpg,0
010_019+15.jpg,1
378_414+63.jpg,1
033_071+40.jpg,2
021_SV-P+49.jpg,0
341_190+28.jpg,0
178_186+86.jpg,1
021_020+3.jpg,0
114_102+14.jpg,0
015_020+3.jpg,1
238_190+28.jpg,2
179_187+6-ball.jpg,1
007_066+13.jpg,2
113_190+28.jpg,0
053_078+45.jpg,2
036_100+5.jpg,2
032_102+14.jpg,2
140_158+92.jpg,1
089_066+29.jpg,0
197_165+37.jpg,0
010_SV-P+49.jpg,0
301_190+28.jpg,2
117_108+34.jpg,0
PSY+13.jpg,1
062_073+42.jpg,2
107_108+34.jpg,1
014_066+30.jpg,2
031_064+9.jpg,2
083_139+36.jpg,2
037_101+22.jpg,2
020_066+29.jpg,0
001_078+45.jpg,2
135_187+6.jpg,2
186_187+6-ball.jpg,1
018_024+56.jpg,1
062_071+39.jpg,2
128_175+7.jpg,1
116_101+22.jpg,2
077_071+25.jpg,0
131_158+92.jpg,1
018_071+24.jpg,2
057_086+95.jpg,2
052_175+7.jpg,0
117_175+7.jpg,2
027_190+28.jpg,2
209_SV-P+49.jpg,2
016_102+14.jpg,2
003_071+25.jpg,2
025_071+25.jpg,2
145_169+87.jpg,1
024_106+8.jpg,2
002_021+17.jpg,2
017_022+26.jpg,1
009_020+59.jpg,1
010_066+29.jpg,2
181_SV-P+49.jpg,1
043_064+21.jpg,2
156_165+37.jpg,1
055_066+30.jpg,2
019_066+13.jpg,2
152_175+7.jpg,1
003_028+68.jpg,1
192_187+6.jpg,1
024_071+40.jpg,2
123_139+36.jpg,1
063_078+44.jpg,2
078_187+6.jpg,0
316_190+28.jpg,2
016_023+47.jpg,1
008_022+27.jpg,2
339_190+28.jpg,2
049_106+8.jpg,2
008_187+6.jpg,2
042_066+29.jpg,0
014_078+45.jpg,2
096_108+34.jpg,2
043_064+9.jpg,2
007_008+12.jpg,2
083_102+14.jpg,2
211_SV-P+49.jpg,2
009_108+34.jpg,2
062_078+44.jpg,2
004_064+9.jpg,2
008_100+5.jpg,2
019_078+44.jpg,2
095_190+28.jpg,2
046_062+31.jpg,2
053_066+30.jpg,2
186_187+6.jpg,1
004_073+42.jpg,2
015_022+55.jpg,1
029_106+8.jpg,2
053_066+13.jpg,1
031_078+44.jpg,2
067_064+9.jpg,0
062_108+34.jpg,2
112_101+22.jpg,0
062_165+37.jpg,2
061_086+95.jpg,2
172_175+7.jpg,1
018_073+42.jpg,2
035_100+5.jpg,2
136_157+79.jpg,1
041_106+8.jpg,2
044_086+95.jpg,2
033_064+9.jpg,2
043_165+37.jpg,2
020_020+61.jpg,1
131_187+6-ball.jpg,2
026_066+30.jpg,2
005_165+37.jpg,2
066_086+94.jpg,2
003_007+38.jpg,2
010_187+6.jpg,0
045_175+7.jpg,2
074_101+22.jpg,2
095_139+36.jpg,2
040_165+37.jpg,0
065_078+44.jpg,2
133_165+37.jpg,2
018_062+31.jpg,2
082_071+24.jpg,0
030_062+31.jpg,2
085_066+23.jpg,1
044_101+22.jpg,2
088_190+28.jpg,2
052_187+6.jpg,2
004_042+10.jpg,2
002_066+29.jpg,2
055_064+21.jpg,1
001_066+29.jpg,2
005_020+3.jpg,2
047_101+22.jpg,2
127_165+37.jpg,2
166_165+37.jpg,2
006_021+46.jpg,2
014_187+6-ball.jpg,2
DAR+35.jpg,1
203_165+37.jpg,0
FIR+32.jpg,1
002_021+41.jpg,2
178_SV-P+49.jpg,1
051_073+42.jpg,2
083_063+2.jpg,0
181_187+6-ball.jpg,2
GRA+43.jpg,1
085_108+34.jpg,0
108_102+14.jpg,2
065_071+39.jpg,2
166_SV-P+49.jpg,0
038_187+6.jpg,2
059_101+22.jpg,2
033_071+25.jpg,2
037_086+95.jpg,2
042_108+34.jpg,2
092_190+28.jpg,2
007_066+23.jpg,2
020_063+2.jpg,0
086_086+94.jpg,1
039_078+45.jpg,2
012_063+2.jpg,2
257_190+28.jpg,2
055_066+23.jpg,1
178_165+37.jpg,0
016_098+1.jpg,2
011_018+16.jpg,1
086_187+6.jpg,2
039_073+42.jpg,2
023_062+31.jpg,2
393_414+63.jpg,1
033_071+24.jpg,2
005_100+5.jpg,2
022_022+54.jpg,1
026_086+95.jpg,2
060_108+34.jpg,2
170_187+6-ball.jpg,1
044_066+29.jpg,2
173_190+28.jpg,1
009_023+47.jpg,0
015_022+26.jpg,1
066_066+23.jpg,1
002_078+45.jpg,2
015_021+53.jpg,1
084_102+14.jpg,2
008_SV-P+49.jpg,0
067_139+36.jpg,2
082_106+8.jpg,2
200_190+28.jpg,2
041_086+94.jpg,2
129_139+36.jpg,1
053_073+42.jpg,2
024_063+2.jpg,2
064_062+31.jpg,0
292_190+28.jpg,2
020_064+9.jpg,2
062_187+6-ball.jpg,0
040_086+94.jpg,2
078_064+21.jpg,0
035_071+24.jpg,2
066_062+31.jpg,0
061_064+21.jpg,1
125_175+7.jpg,1
046_078+45.jpg,2
096_106+8.jpg,1
059_139+36.jpg,2
054_071+40.jpg,0
LIG+13.jpg,1
027_066+23.jpg,2
100_187+6-ball.jpg,0
003_086+94.jpg,0
023_086+95.jpg,2
031_062+31.jpg,2
004_102+14.jpg,2
015_108+34.jpg,2
LIG+41.jpg,1
055_071+39.jpg,2
056_071+39.jpg,2
116_187+6-ball.jpg,0
076_071+25.jpg,0
140_187+6.jpg,1
080_086+94.jpg,1
027_063+2.jpg,2
032_086+94.jpg,2
039_066+29.jpg,2
033_190+28.jpg,2
061_086+94.jpg,2
084_106+8.jpg,0
047_175+7.jpg,2
070_064+21.jpg,2
024_086+95.jpg,2
047_102+14.jpg,2
058_066+13.jpg,1
026_066+29.jpg,2
069_190+28.jpg,2
057_100+5.jpg,2
014_022+20.jpg,1
054_086+95.jpg,2
046_100+5.jpg,0
007_022+27.jpg,2
142_190+28.jpg,2
050_165+37.jpg,2
006_023+47.jpg,2
027_175+7.jpg,2
017_066+23.jpg,2
015_139+36.jpg,2
089_064+9.jpg,0
024_SV-P+49.jpg,2
LIG+49.jpg,1
060_071+40.jpg,2
122_106+8.jpg,2
002_102+14.jpg,2
007_021+41.jpg,2
026_071+25.jpg,2
017_024+56.jpg,1
061_064+9.jpg,1
153_184+85.jpg,1
057_139+36.jpg,2
003_020+3.jpg,2
076_175+7.jpg,2
025_071+40.jpg,2
058_187+6.jpg,2
084_066+30.jpg,0
004_022+20.jpg,0
129_187+6-ball.jpg,0
007_020+33.jpg,2
022_062+31.jpg,2
024_028+65.jpg,1
063_190+28.jpg,2
176_187+6.jpg,1
165_187+6.jpg,1
003_066+13.jpg,2
027_187+6.jpg,0
008_062+31.jpg,2
018_021+19.jpg,1
101_SV-P+49.jpg,2
004_066+30.jpg,2
019_102+14.jpg,0
102_102+14.jpg,2
133_139+36.jpg,1
027_064+9.jpg,0
008_008+12.jpg,2
003_078+45.jpg,2
016_022+55.jpg,1
130_108+34.jpg,0
318_190+28.jpg,2
022_022+55.jpg,1
004_106+8.jpg,2
020_023+47.jpg,1
095_098+1.jpg,1
129_100+5.jpg,0
138_172+51.jpg,1
031_165+37.jpg,2
060_106+8.jpg,2
015_021+19.jpg,1
MET+35.jpg,1
058_071+40.jpg,2
155_190+28.jpg,2
068_098+1.jpg,2
017_071+40.jpg,2
080_100+5.jpg,2
108_175+7.jpg,2
158_184+67.jpg,1
145_187+6-ball.jpg,1
377_414+63.jpg,1
FIR+50.jpg,1
044_078+44.jpg,2
162_187+6.jpg,1
021_022+20.jpg,1
202_190+28.jpg,2
041_187+6.jpg,0
120_101+22.jpg,0
234_190+28.jpg,2
063_066+13.jpg,1
052_102+14.jpg,2
288_190+28.jpg,2
012_066+13.jpg,2
016_042+10.jpg,1
015_098+1.jpg,0
110_190+28.jpg,2
125_100+5.jpg,0
043_187+6-ball.jpg,2
017_086+94.jpg,2
156_190+28.jpg,1
092_064+21.jpg,0
076_071+24.jpg,2
014_021+4.jpg,1
037_071+24.jpg,2
014_022+18.jpg,1
FIR+49.jpg,1
072_066+23.jpg,0
258_190+28.jpg,2
031_071+24.jpg,2
063_187+6.jpg,0
189_190+28.jpg,1
038_078+44.jpg,2
021_098+1.jpg,2
001_102+14.jpg,2
111_187+6-ball.jpg,2
051_100+5.jpg,2
082_139+36.jpg,2
045_066+29.jpg,2
FIG+15.jpg,1
067_175+7.jpg,2
112_102+14.jpg,2
145_176+90.jpg,1
015_071+39.jpg,2
009_066+23.jpg,0
003_078+44.jpg,2
058_SV-P+49.jpg,1
112_187+6-ball.jpg,0
095_108+34.jpg,2
031_108+34.jpg,2
097_100+5.jpg,1
042_071+39.jpg,2
059_078+44.jpg,1
073_098+1.jpg,2
017_106+8.jpg,2
006_022+26.jpg,2
080_165+37.jpg,2
065_066+13.jpg,1
028_073+42.jpg,2
274_190+28.jpg,2
077_066+23.jpg,0
036_078+45.jpg,2
116_190+28.jpg,2
066_101+22.jpg,2
130_100+5.jpg,0
140_175+7.jpg,1
070_098+1.jpg,2
102_139+36.jpg,2
051_071+39.jpg,2
068_064+9.jpg,0
127_102+14.jpg,0
100_187+6.jpg,2
085_062+31.jpg,0
021_023+48.jpg,1
047_064+9.jpg,2
095_106+8.jpg,1
030_187+6-ball.jpg,0
088_066+23.jpg,0
034_187+6.jpg,2
028_098+1.jpg,2
066_071+39.jpg,1
055_066+13.jpg,1
173_165+37.jpg,0
071_165+37.jpg,2
038_102+14.jpg,2
192_165+37.jpg,0
FIG+10.jpg,1
013_021+53.jpg,1
069_071+40.jpg,1
293_190+28.jpg,2
180_190+28.jpg,1
041_086+95.jpg,2
023_187+6.jpg,2
060_066+23.jpg,1
182_187+6.jpg,1
046_071+25.jpg,2
180_165+37.jpg,0
198_165+37.jpg,0
020_021+17.jpg,1
033_100+5.jpg,0
020_139+36.jpg,2
031_063+2.jpg,2
156_164+82.jpg,1
080_064+21.jpg,0
077_066+30.jpg,0
070_139+36.jpg,2
020_108+34.jpg,0
001_190+28.jpg,2
060_066+29.jpg,1
005_028+43.jpg,1
060_066+13.jpg,1
031_073+42.jpg,2
137_SV-P+49.jpg,1
004_008+12.jpg,2
024_187+6-ball.jpg,0
086_064+9.jpg,0
002_007+38.jpg,0
013_020+32.jpg,1
054_071+24.jpg,2
019_086+94.jpg,2
069_106+8.jpg,2
049_071+25.jpg,2
FIR+26.jpg,1
038_062+31.jpg,2
046_086+95.jpg,2
004_023+47.jpg,2
075_066+29.jpg,0
019_022+18.jpg,1
014_022+55.jpg,1
024_108+34.jpg,2
010_021+41.jpg,2
036_042+10.jpg,1
072_078+44.jpg,1
057_073+42.jpg,2
123_175+7.jpg,2
004_175+7.jpg,2
043_063+2.jpg,2
029_071+39.jpg,2
012_175+7.jpg,2
089_101+22.jpg,2
020_098+1.jpg,2
158_187+6-ball.jpg,1
017_100+5.jpg,0
157_190+28.jpg,1
007_008+11.jpg,2
016_071+25.jpg,0
103_139+36.jpg,2
226_187+6.jpg,0
138_157+93.jpg,1
109_187+6-ball.jpg,2
025_108+34.jpg,2
037_071+25.jpg,2
013_064+9.jpg,2
089_175+7.jpg,0
205_165+37.jpg,0
044_108+34.jpg,2
125_106+8.jpg,2
059_165+37.jpg,2
039_071+25.jpg,2
012_023+48.jpg,1
086_100+5.jpg,2
039_066+23.jpg,2
003_022+18.jpg,2
057_SV-P+49.jpg,2
032_187+6-ball.jpg,0
057_066+13.jpg,1
070_071+24.jpg,1
021_066+13.jpg,2
211_190+28.jpg,2
069_102+14.jpg,2
070_071+25.jpg,1
042_098+1.jpg,2
185_187+6-ball.jpg,1
005_108+34.jpg,2
168_SV-P+49.jpg,0
009_019+15.jpg,1
041_101+22.jpg,0
003_023+47.jpg,2
097_098+1.jpg,1
012_078+44.jpg,2
009_022+26.jpg,2
061_078+45.jpg,2
011_190+28.jpg,2
018_018+16.jpg,1
055_108+34.jpg,2
023_023+48.jpg,1
067_108+34.jpg,2
049_175+7.jpg,2
109_SV-P+49.jpg,2
025_139+36.jpg,2
001_078+44.jpg,2
237_187+6.jpg,0
030_071+40.jpg,0
076_101+22.jpg,2
069_101+22.jpg,2
089_071+24.jpg,0
035_078+44.jpg,2
116_102+14.jpg,0
078_086+94.jpg,2
113_101+22.jpg,2
059_175+7.jpg,2
172_165+37.jpg,0
056_098+1.jpg,2
FIG+68.jpg,1
099_165+37.jpg,2
010_106+8.jpg,2
032_071+40.jpg,2
035_066+29.jpg,2
005_021+46.jpg,2
152_190+28.jpg,2
032_SV-P+49.jpg,2
065_102+14.jpg,2
159_172+51.jpg,1
115_190+28.jpg,0
009_023+48.jpg,2
015_022+54.jpg,1
004_020+3.jpg,0
090_SV-P+49.jpg,0
088_064+21.jpg,0
009_020+33.jpg,2
WAT+48.jpg,1
333_190+28.jpg,0
078_175+7.jpg,0
077_165+37.jpg,2
041_066+29.jpg,2
124_165+37.jpg,0
020_071+40.jpg,2
024_101+22.jpg,2
013_023+47.jpg,1
022_066+13.jpg,2
020_022+18.jpg,1
210_SV-P+49.jpg,2
056_064+9.jpg,1
097_106+8.jpg,1
GRA+60.jpg,1
203_187+6.jpg,0
003_063+2.jpg,0
208_187+6.jpg,0
125_102+14.jpg,0
012_022+27.jpg,1
014_073+42.jpg,2
170_200+88.jpg,1
009_062+31.jpg,2
020_022+55.jpg,1
045_066+13.jpg,2
013_024+56.jpg,1
159_190+28.jpg,1
129_108+34.jpg,2
147_187+6-ball.jpg,1
025_SV-P+49.jpg,2
084_101+22.jpg,2
018_022+55.jpg,1
064_139+36.jpg,2
180_187+6.jpg,1
132_139+36.jpg,1
040_175+7.jpg,2
089_098+1.jpg,1
005_008+11.jpg,0
179_190+28.jpg,1
138_187+6.jpg,1
025_073+42.jpg,2
161_190+28.jpg,1
014_066+29.jpg,2
044_106+8.jpg,2
055_100+5.jpg,2
018_066+23.jpg,2
026_030+50.jpg,1
152_157+79.jpg,1
072_190+28.jpg,2
026_066+23.jpg,2
348_190+28.jpg,0
047_187+6-ball.jpg,2
001_007+38.jpg,1
119_102+14.jpg,0
146_157+79.jpg,1
106_101+22.jpg,0
014_086+95.jpg,2
001_023+47.jpg,2
039_066+30.jpg,2
029_062+31.jpg,0
050_187+6.jpg,0
059_086+94.jpg,2
003_008+12.jpg,2
026_102+14.jpg,2
100_165+37.jpg,2
126_156+75.jpg,1
109_175+7.jpg,2
064_098+1.jpg,2
062_187+6.jpg,2
017_064+9.jpg,2
135_106+8.jpg,0
002_066+30.jpg,2
048_053+70.jpg,1
195_187+6.jpg,0
MET+36.jpg,1
036_071+25.jpg,0
216_187+6.jpg,0
012_021+19.jpg,1
040_187+6.jpg,2
058_139+36.jpg,2
056_066+23.jpg,1
091_098+1.jpg,1
060_071+39.jpg,2
102_100+5.jpg,0
069_078+45.jpg,1
061_187+6.jpg,2
021_022+27.jpg,1
034_064+21.jpg,2
029_175+7.jpg,2
181_190+28.jpg,1
042_190+28.jpg,2
009_165+37.jpg,0
024_102+14.jpg,2
002_086+94.jpg,2
083_086+94.jpg,1
003_066+29.jpg,2
083_086+95.jpg,1
017_165+37.jpg,2
084_071+25.jpg,0
065_071+40.jpg,0
086_066+30.jpg,1
011_187+6.jpg,2
059_071+24.jpg,2
250_172+51.jpg,1
063_165+37.jpg,2
105_SV-P+49.jpg,1
180_SV-P+49.jpg,1
036_038+35.jpg,1
023_071+39.jpg,2
018_022+20.jpg,1
053_187+6.jpg,2
018_078+44.jpg,2
064_071+40.jpg,2
036_106+8.jpg,2
034_165+37.jpg,2
079_071+24.jpg,2
071_100+5.jpg,2
319_190+28.jpg,2
011_071+24.jpg,2
029_071+24.jpg,2
011_106+8.jpg,2
070_073+42.jpg,1
035_086+95.jpg,2
086_165+37.jpg,2
163_187+6.jpg,1
028_102+14.jpg,2
002_018+16.jpg,0
015_020+61.jpg,1
061_071+40.jpg,2
210_187+6.jpg,0
038_064+9.jpg,2
073_139+36.jpg,2
022_064+21.jpg,2
069_071+39.jpg,1
009_022+18.jpg,1
001_022+18.jpg,2
015_SV-P+49.jpg,1
005_106+8.jpg,2
043_066+23.jpg,2
057_190+28.jpg,2
055_078+45.jpg,2
038_064+21.jpg,0
032_066+13.jpg,0
064_073+42.jpg,1
073_100+5.jpg,2
065_086+95.jpg,2
181_165+37.jpg,0
038_066+23.jpg,2
086_066+29.jpg,1
017_022+55.jpg,1
111_190+28.jpg,0
118_165+37.jpg,2
030_078+45.jpg,2
026_101+22.jpg,2
075_071+25.jpg,2
052_100+5.jpg,2
008_098+1.jpg,2
094_165+37.jpg,2
001_042+10.jpg,0
024_030+50.jpg,1
089_165+37.jpg,2
115_SV-P+49.jpg,1
077_062+31.jpg,0
021_102+14.jpg,2
FIR+13.jpg,1
008_064+21.jpg,2
077_187+6.jpg,2
036_102+14.jpg,2
034_064+9.jpg,2
052_165+37.jpg,2
246_190+28.jpg,2
109_187+6.jpg,2
100_100+5.jpg,1
121_187+6.jpg,2
010_021+46.jpg,2
044_071+25.jpg,0
075_102+14.jpg,2
006_019+15.jpg,2
141_187+6.jpg,1
011_019+15.jpg,1
020_066+30.jpg,2
305_190+28.jpg,2
101_175+7.jpg,2
023_187+6-ball.jpg,0
014_102+14.jpg,2
003_101+22.jpg,2
017_020+33.jpg,1
249_190+28.jpg,2
300_190+28.jpg,2
013_021+19.jpg,1
046_066+29.jpg,2
010_175+7.jpg,0
047_139+36.jpg,2
123_190+28.jpg,2
019_064+9.jpg,0
063_063+2.jpg,1
190_SV-P+49.jpg,2
074_066+29.jpg,0
095_175+7.jpg,2
019_066+29.jpg,2
046_053+70.jpg,1
014_165+37.jpg,2
092_135+77.jpg,1
FIG+13.jpg,1
081_100+5.jpg,2
011_101+22.jpg,2
067_073+42.jpg,1
014_020+32.jpg,1
LIG+50.jpg,1
165_190+28.jpg,1
061_068+57.jpg,1
162_176+90.jpg,1
040_098+1.jpg,2
027_101+22.jpg,2
051_165+37.jpg,2
015_066+30.jpg,2
035_101+22.jpg,2
013_021+46.jpg,1
041_064+21.jpg,2
054_062+31.jpg,1
123_102+14.jpg,0
064_064+9.jpg,1
067_078+45.jpg,2
018_022+27.jpg,1
105_187+6.jpg,0
047_086+94.jpg,0
010_066+13.jpg,2
072_064+9.jpg,0
144_SV-P+49.jpg,0
001_071+39.jpg,2
129_190+28.jpg,2
020_062+31.jpg,2
122_159+69.jpg,1
021_066+23.jpg,2
009_042+10.jpg,1
028_066+30.jpg,2
225_187+6.jpg,0
022_SV-P+49.jpg,2
040_071+39.jpg,2
088_062+31.jpg,2
023_100+5.jpg,2
047_071+24.jpg,0
069_062+31.jpg,2
089_064+21.jpg,0
045_187+6-ball.jpg,0
079_187+6-ball.jpg,2
054_073+42.jpg,0
132_157+93.jpg,1
109_139+36.jpg,2
111_108+34.jpg,0
018_020+32.jpg,1
PSY+3.jpg,1
034_086+94.jpg,2
PSY+63.jpg,1
059_064+9.jpg,1
051_086+94.jpg,2
041_071+25.jpg,0
018_020+59.jpg,1
092_101+22.jpg,1
100_106+8.jpg,1
008_021+41.jpg,2
036_086+95.jpg,2
111_101+22.jpg,2
110_101+22.jpg,2
124_108+34.jpg,0
162_169+87.jpg,1
080_066+29.jpg,2
029_078+45.jpg,2
050_071+39.jpg,2
072_175+7.jpg,0
132_165+37.jpg,2
035_165+37.jpg,2
077_064+21.jpg,0
016_190+28.jpg,2
021_042+10.jpg,1
013_019+15.jpg,1
016_022+18.jpg,1
169_187+6.jpg,1
072_187+6-ball.jpg,0
040_187+6-ball.jpg,2
042_100+5.jpg,2
153_187+6.jpg,1
068_073+42.jpg,1
084_098+1.jpg,2
158_190+28.jpg,1
170_175+7.jpg,1
196_165+37.jpg,0
021_100+5.jpg,2
003_028+43.jpg,1
322_190+28.jpg,0
127_101+22.jpg,0
182_187+6-ball.jpg,2
018_064+9.jpg,2
032_064+21.jpg,2
024_190+28.jpg,0
013_066+30.jpg,2
080_066+23.jpg,0
310_190+28.jpg,2
086_187+6-ball.jpg,0
090_187+6.jpg,2
102_101+22.jpg,2
118_139+36.jpg,1
043_187+6.jpg,2
134_157+93.jpg,1
049_165+37.jpg,2
074_066+23.jpg,2
019_019+15.jpg,1
107_175+7.jpg,2
383_414+63.jpg,1
110_106+8.jpg,0
013_021+17.jpg,1
011_098+1.jpg,2
266_190+28.jpg,2
017_021+4.jpg,1
128_187+6-ball.jpg,2
129_175+7.jpg,1
052_066+13.jpg,1
012_187+6-ball.jpg,2
204_187+6.jpg,0
148_190+28.jpg,2
031_098+1.jpg,2
006_071+24.jpg,2
002_022+26.jpg,2
014_101+22.jpg,2
089_139+36.jpg,2
010_139+36.jpg,2
010_062+31.jpg,2
072_086+94.jpg,2
023_073+42.jpg,2
126_165+37.jpg,2
050_101+22.jpg,2
055_187+6-ball.jpg,0
FIR+60.jpg,1
144_157+79.jpg,1
033_187+6-ball.jpg,0
074_098+1.jpg,2
010_066+23.jpg,2
330_190+28.jpg,0
131_108+34.jpg,1
069_187+6.jpg,0
GRA+13.jpg,1
130_187+6.jpg,2
049_101+22.jpg,2
007_071+25.jpg,2
109_106+8.jpg,0
041_139+36.jpg,2
143_168+84.jpg,1
107_187+6-ball.jpg,2
100_139+36.jpg,0
005_018+16.jpg,2
040_190+28.jpg,2
190_190+28.jpg,1
065_071+25.jpg,1
MET+84.jpg,1
173_187+6.jpg,1
019_086+95.jpg,2
189_SV-P+49.jpg,0
048_102+14.jpg,2
064_190+28.jpg,2
066_066+29.jpg,1
167_187+6-ball.jpg,1
174_165+37.jpg,0
019_021+46.jpg,1
041_062+31.jpg,2
050_064+21.jpg,2
087_102+14.jpg,2
021_021+46.jpg,1
240_190+28.jpg,2
235_190+28.jpg,2
083_066+30.jpg,0
149_187+6.jpg,1
067_086+94.jpg,2
018_098+1.jpg,2
076_187+6.jpg,2
153_175+7.jpg,1
054_064+9.jpg,1
030_165+37.jpg,2
083_101+22.jpg,2
084_190+28.jpg,2
075_187+6.jpg,2
023_078+45.jpg,2
143_187+6-ball.jpg,1
158_164+82.jpg,1
066_066+30.jpg,1
028_086+94.jpg,2
068_101+22.jpg,2
028_101+22.jpg,2
087_100+5.jpg,2
116_165+37.jpg,2
018_086+95.jpg,2
149_165+37.jpg,2
008_175+7.jpg,2
021_038+35.jpg,1
094_098+1.jpg,1
034_066+30.jpg,2
016_165+37.jpg,2
009_064+21.jpg,2
013_021+62.jpg,1
043_073+42.jpg,2
069_066+29.jpg,2
062_066+23.jpg,1
128_102+14.jpg,2
010_108+34.jpg,2
070_187+6-ball.jpg,0
327_190+28.jpg,0
041_078+44.jpg,2
017_066+30.jpg,2
010_086+95.jpg,2
017_064+21.jpg,2
042_175+7.jpg,2
049_139+36.jpg,2
079_SV-P+49.jpg,0
083_SV-P+49.jpg,1
047_190+28.jpg,2
045_073+42.jpg,2
124_156+75.jpg,1
002_190+28.jpg,2
260_190+28.jpg,2
006_175+7.jpg,2
006_008+11.jpg,2
145_165+37.jpg,0
007_187+6.jpg,2
038_100+5.jpg,2
084_066+23.jpg,0
083_100+5.jpg,2
090_101+22.jpg,1
013_086+95.jpg,2
088_066+29.jpg,0
046_SV-P+49.jpg,2
076_086+95.jpg,2
030_100+5.jpg,0
065_190+28.jpg,2
077_101+22.jpg,2
233_190+28.jpg,2
169_175+7.jpg,1
227_187+6.jpg,2
061_066+23.jpg,1
336_190+28.jpg,0
004_187+6-ball.jpg,0
023_108+34.jpg,2
019_071+39.jpg,2
070_066+30.jpg,0
048_071+25.jpg,2
036_SV-P+49.jpg,1
010_064+9.jpg,2
023_098+1.jpg,2
097_101+22.jpg,1
011_021+4.jpg,1
080_175+7.jpg,2
106_175+7.jpg,2
105_101+22.jpg,0
142_169+87.jpg,1
081_108+34.jpg,2
056_073+42.jpg,2
084_064+21.jpg,0
020_066+13.jpg,2
010_020+58.jpg,1
111_187+6.jpg,2
111_175+7.jpg,2
022_071+40.jpg,2
302_190+28.jpg,2
012_064+21.jpg,0
060_101+22.jpg,2
058_175+7.jpg,2
031_175+7.jpg,2
105_190+28.jpg,2
078_062+31.jpg,0
020_022+54.jpg,1
105_108+34.jpg,1
017_073+42.jpg,2
003_022+26.jpg,2
110_139+36.jpg,1
151_175+7.jpg,1
067_106+8.jpg,2
027_071+39.jpg,2
120_108+34.jpg,0
040_078+44.jpg,2
078_063+2.jpg,0
007_078+44.jpg,2
097_175+7.jpg,0
075_108+34.jpg,2
016_022+27.jpg,1
185_165+37.jpg,0
049_102+14.jpg,2
083_098+1.jpg,1
079_139+36.jpg,2
047_086+95.jpg,2
123_165+37.jpg,2
157_165+37.jpg,1
WAT+43.jpg,1
126_108+34.jpg,0
034_086+95.jpg,2
271_190+28.jpg,2
012_020+3.jpg,1
045_086+95.jpg,2
053_098+1.jpg,2
012_098+1.jpg,0
050_SV-P+49.jpg,0
076_062+31.jpg,0
052_086+94.jpg,2
178_184+85.jpg,1
061_063+2.jpg,1
059_066+23.jpg,1
032_100+5.jpg,2
007_007+38.jpg,0
004_187+6.jpg,2
012_071+39.jpg,2
018_030+50.jpg,1
075_175+7.jpg,2
153_164+82.jpg,1
020_022+27.jpg,1
294_190+28.jpg,2
099_175+7.jpg,2
032_064+9.jpg,2
DAR+4.jpg,1
119_100+5.jpg,0
026_175+7.jpg,2
118_106+8.jpg,0
204_SV-P+49.jpg,1
132_187+6-ball.jpg,2
185_SV-P+49.jpg,0
329_190+28.jpg,0
030_066+30.jpg,2
173_187+6-ball.jpg,1
144_165+37.jpg,2
056_063+2.jpg,1
039_062+31.jpg,2
057_071+40.jpg,2
048_106+8.jpg,2
136_108+34.jpg,2
079_066+29.jpg,0
006_086+94.jpg,2
213_187+6.jpg,0
084_062+31.jpg,0
046_190+28.jpg,2
128_187+6.jpg,2
031_SV-P+49.jpg,2
099_100+5.jpg,1
033_108+34.jpg,2
040_086+95.jpg,2
038_042+10.jpg,1
016_106+8.jpg,2
135_187+6-ball.jpg,2
126_187+6.jpg,0
075_078+45.jpg,1
005_086+94.jpg,2
008_023+48.jpg,2
082_063+2.jpg,0
053_139+36.jpg,2
108_100+5.jpg,0
009_022+27.jpg,0
073_071+24.jpg,0
045_071+25.jpg,2
005_175+7.jpg,2
LIG+70.jpg,1
107_165+37.jpg,2
082_086+95.jpg,1
028_063+2.jpg,2
067_066+23.jpg,2
079_066+30.jpg,0
118_175+7.jpg,2
082_071+25.jpg,1
039_064+21.jpg,0
078_066+29.jpg,0
342_190+28.jpg,0
255_190+28.jpg,2
021_108+34.jpg,2
096_187+6.jpg,2
125_108+34.jpg,0
188_SV-P+49.jpg,0
061_175+7.jpg,2
054_098+1.jpg,2
004_020+32.jpg,2
126_102+14.jpg,0
012_023+47.jpg,1
071_071+24.jpg,1
083_064+21.jpg,1
103_135+77.jpg,1
092_187+6-ball.jpg,2
061_139+36.jpg,2
057_102+14.jpg,2
001_018+16.jpg,2
076_106+8.jpg,2
231_190+28.jpg,2
147_165+37.jpg,2
198_187+6.jpg,0
024_024+56.jpg,1
120_175+7.jpg,2
021_175+7.jpg,2
098_SV-P+49.jpg,2
DAR+60.jpg,1
192_190+28.jpg,2
052_101+22.jpg,2
090_108+34.jpg,2
007_175+7.jpg,2
124_106+8.jpg,2
172_187+6-ball.jpg,1
014_SV-P+49.jpg,1
014_021+62.jpg,1
070_064+9.jpg,0
020_042+10.jpg,1
GRA+47.jpg,1
114_187+6.jpg,2
061_071+24.jpg,1
252_190+28.jpg,2
009_021+41.jpg,2
068_102+14.jpg,2
020_028+65.jpg,1
008_021+46.jpg,2
125_172+72.jpg,1
002_106+8.jpg,2
164_165+37.jpg,1
149_169+87.jpg,1
068_063+2.jpg,0
148_S-P+52.jpg,1
011_022+20.jpg,1
150_175+7.jpg,1
236_190+28.jpg,2
052_066+23.jpg,0
169_186+86.jpg,1
051_187+6-ball.jpg,2
088_108+34.jpg,2
003_071+40.jpg,2
366_414+63.jpg,1
068_062+31.jpg,0
078_102+14.jpg,2
016_086+94.jpg,2
027_071+24.jpg,2
014_071+24.jpg,2
032_063+2.jpg,0
110_187+6-ball.jpg,2
013_078+44.jpg,2
041_042+10.jpg,1
024_071+39.jpg,2
025_042+10.jpg,1
019_062+31.jpg,0
013_165+37.jpg,2
081_139+36.jpg,2
184_190+28.jpg,1
106_165+37.jpg,2
029_071+25.jpg,2
233_187+6.jpg,2
153_190+28.jpg,2
074_100+5.jpg,2
093_071+25.jpg,0
108_101+22.jpg,0
012_066+29.jpg,2
097_139+36.jpg,2
042_102+14.jpg,2
033_101+22.jpg,2
084_071+24.jpg,0
004_021+4.jpg,2
163_187+6-ball.jpg,1
020_038+35.jpg,1
008_020+32.jpg,0
055_078+44.jpg,0
011_086+94.jpg,2
129_102+14.jpg,0
017_066+29.jpg,2
038_063+2.jpg,2
054_066+30.jpg,2
105_102+14.jpg,2
DAR+68.jpg,1
090_175+7.jpg,2
048_066+29.jpg,2
017_021+46.jpg,1
067_078+44.jpg,2
107_190+28.jpg,2
028_187+6-ball.jpg,2
013_022+20.jpg,1
042_106+8.jpg,2
MET+16.jpg,1
057_071+24.jpg,2
060_064+9.jpg,1
079_100+5.jpg,0
215_187+6.jpg,0
067_100+5.jpg,2
004_078+45.jpg,2
011_022+18.jpg,1
068_139+36.jpg,0
146_165+37.jpg,2
015_101+22.jpg,2
037_062+31.jpg,2
067_066+29.jpg,0
149_175+7.jpg,1
152_168+84.jpg,1
040_066+23.jpg,0
194_190+28.jpg,2
073_066+30.jpg,0
002_022+20.jpg,2
135_157+93.jpg,1
127_106+8.jpg,1
085_102+14.jpg,2
037_187+6.jpg,2
054_066+23.jpg,1
018_020+3.jpg,1
218_SV-P+49.jpg,1
036_062+31.jpg,2
028_066+13.jpg,0
001_008+12.jpg,2
057_066+29.jpg,2
027_139+36.jpg,2
062_071+40.jpg,2
078_101+22.jpg,2
097_071+24.jpg,0
112_108+34.jpg,1
012_066+23.jpg,2
018_021+17.jpg,1
087_106+8.jpg,2
011_066+30.jpg,2
003_108+34.jpg,2
020_086+94.jpg,2
004_018+16.jpg,2
084_063+2.jpg,0
182_165+37.jpg,2
PSY+84.jpg,1
WAT+63.jpg,1
118_190+28.jpg,2
009_187+6-ball.jpg,2
217_187+6.jpg,0
012_064+9.jpg,2
059_078+45.jpg,2
060_175+7.jpg,0
037_064+9.jpg,0
002_086+95.jpg,2
326_190+28.jpg,0
047_108+34.jpg,2
007_101+22.jpg,2
039_078+44.jpg,2
DAR+13.jpg,1
156_187+6-ball.jpg,1
149_168+84.jpg,1
142_SV-P+49.jpg,1
018_108+34.jpg,2
116_106+8.jpg,0
039_071+39.jpg,2
058_073+42.jpg,2
041_SV-P+49.jpg,2
234_187+6.jpg,2
088_100+5.jpg,1
019_066+23.jpg,2
092_066+30.jpg,0
139_139+36.jpg,1
101_102+14.jpg,1
224_SV-P+49.jpg,0
038_108+34.jpg,2
019_106+8.jpg,2
021_064+21.jpg,2
201_187+6.jpg,0
045_063+2.jpg,2
136_SV-P+49.jpg,1
055_086+94.jpg,2
010_020+59.jpg,1
128_139+36.jpg,1
051_098+1.jpg,2
013_022+55.jpg,1
018_101+22.jpg,2
020_071+25.jpg,2
025_071+24.jpg,2
003_102+14.jpg,2
176_SV-P+49.jpg,2
158_175+7.jpg,1
005_023+48.jpg,2
091_108+34.jpg,2
048_086+95.jpg,2
GRA+68.jpg,1
080_187+6.jpg,2
112_187+6.jpg,2
038_066+30.jpg,0
086_071+24.jpg,0
052_078+44.jpg,2
053_187+6-ball.jpg,0
072_139+36.jpg,0
007_064+21.jpg,2
LIG+35.jpg,1
022_071+39.jpg,2
112_190+28.jpg,0
034_066+13.jpg,0
011_022+27.jpg,1
091_066+23.jpg,0
073_071+25.jpg,0
011_021+46.jpg,1
007_022+26.jpg,2
082_066+23.jpg,0
035_071+40.jpg,2
025_086+94.jpg,2
066_098+1.jpg,0
175_187+6.jpg,1
089_106+8.jpg,2
028_064+9.jpg,2
033_SV-P+49.jpg,2
095_071+24.jpg,0
063_071+39.jpg,2
072_098+1.jpg,2
026_042+10.jpg,1
139_157+93.jpg,1
010_021+17.jpg,1
010_101+22.jpg,2
038_066+29.jpg,2
013_187+6-ball.jpg,0
021_101+22.jpg,2
006_078+45.jpg,2
066_SV-P+49.jpg,2
059_102+14.jpg,2
259_190+28.jpg,2
FIR+43.jpg,1
071_063+2.jpg,0
114_108+34.jpg,2
054_100+5.jpg,2
122_165+37.jpg,2
001_064+21.jpg,2
034_139+36.jpg,2
034_106+8.jpg,2
012_021+41.jpg,1
024_187+6.jpg,2
083_062+31.jpg,0
158_187+6.jpg,1
045_066+23.jpg,0
033_078+44.jpg,2
041_071+24.jpg,2
070_108+34.jpg,2
143_154+80.jpg,1
075_066+23.jpg,0
018_023+47.jpg,1
071_073+42.jpg,1
070_071+40.jpg,1
275_190+28.jpg,2
044_165+37.jpg,2
141_165+37.jpg,2
010_071+39.jpg,2
070_106+8.jpg,2
040_064+9.jpg,0
011_020+3.jpg,1
129_101+22.jpg,0
006_007+38.jpg,2
005_101+22.jpg,2
143_157+79.jpg,1
007_066+30.jpg,2
118_101+22.jpg,0
061_108+34.jpg,2
029_100+5.jpg,2
060_187+6-ball.jpg,0
158_168+84.jpg,1
049_190+28.jpg,2
183_165+37.jpg,0
020_066+23.jpg,2
046_066+23.jpg,2
021_030+50.jpg,1
102_175+7.jpg,2
200_187+6.jpg,0
142_168+84.jpg,1
085_064+21.jpg,1
149_SV-P+49.jpg,1
015_187+6-ball.jpg,0
036_071+24.jpg,2
005_078+44.jpg,2
049_071+40.jpg,2
030_086+94.jpg,2
042_071+40.jpg,2
060_139+36.jpg,2
DAR+61.jpg,1
088_187+6.jpg,0
101_139+36.jpg,2
105_100+5.jpg,2
089_066+30.jpg,0
134_165+37.jpg,2
068_066+29.jpg,0
203_190+28.jpg,2
119_106+8.jpg,0
016_023+48.jpg,1
122_108+34.jpg,0
FIR+70.jpg,1
178_187+6-ball.jpg,1
170_190+28.jpg,1
010_023+47.jpg,2
009_020+3.jpg,1
072_086+95.jpg,2
047_064+21.jpg,2
012_021+46.jpg,1
036_071+39.jpg,2
040_071+24.jpg,2
184_165+37.jpg,0
083_106+8.jpg,2
075_139+36.jpg,2
036_165+37.jpg,2
018_020+33.jpg,1
088_098+1.jpg,1
104_102+14.jpg,0
037_066+30.jpg,2
130_158+91.jpg,1
018_023+48.jpg,1
022_022+27.jpg,1
031_066+29.jpg,0
020_SV-P+49.jpg,2
050_190+28.jpg,2
004_139+36.jpg,2
119_108+34.jpg,2
088_139+36.jpg,2
147_SV-P+49.jpg,2
086_106+8.jpg,2
016_022+20.jpg,1
091_101+22.jpg,1
020_102+14.jpg,2
001_064+9.jpg,2
100_108+34.jpg,1
119_175+7.jpg,2
153_165+37.jpg,1
206_165+37.jpg,0
096_139+36.jpg,2
075_063+2.jpg,0
103_108+34.jpg,1
026_071+39.jpg,2
367_414+63.jpg,1
121_101+22.jpg,0
055_187+6.jpg,2
127_187+6.jpg,2
112_165+37.jpg,2
058_190+28.jpg,2
002_063+2.jpg,2
168_187+6.jpg,1
045_SV-P+49.jpg,2
297_190+28.jpg,2
099_187+6-ball.jpg,0
140_187+6-ball.jpg,1
065_SV-P+49.jpg,1
DAR+84.jpg,1
032_106+8.jpg,2
009_071+40.jpg,2
038_098+1.jpg,2
091_175+7.jpg,2
085_187+6.jpg,2
013_042+10.jpg,1
006_020+33.jpg,2
092_102+14.jpg,1
176_190+28.jpg,1
005_071+39.jpg,0
072_073+42.jpg,1
153_SV-P+49.jpg,0
132_175+7.jpg,1
282_190+28.jpg,2
285_190+28.jpg,2
029_073+42.jpg,2
070_066+29.jpg,0
021_139+36.jpg,2
050_063+2.jpg,2
104_106+8.jpg,1
025_066+23.jpg,2
010_020+32.jpg,1
016_038+35.jpg,1
043_086+95.jpg,2
162_165+37.jpg,1
043_078+44.jpg,2
118_187+6.jpg,2
014_021+53.jpg,1
006_021+4.jpg,2
054_187+6.jpg,0
092_100+5.jpg,1
047_062+31.jpg,2
LIG+60.jpg,1
034_101+22.jpg,2
057_106+8.jpg,0
095_101+22.jpg,1
023_066+13.jpg,2
059_SV-P+49.jpg,2
013_038+35.jpg,1
160_187+6-ball.jpg,1
104_165+37.jpg,2
029_066+23.jpg,2
139_175+7.jpg,1
041_066+30.jpg,2
019_022+20.jpg,1
139_187+6-ball.jpg,1
048_100+5.jpg,2
074_063+2.jpg,0
022_102+14.jpg,2
175_190+76.jpg,1
098_101+22.jpg,1
084_187+6.jpg,2
186_190+28.jpg,1
046_187+6.jpg,0
042_078+45.jpg,2
051_101+22.jpg,2
051_066+30.jpg,2
067_086+95.jpg,2
018_066+30.jpg,2
065_064+21.jpg,2
005_062+31.jpg,2
025_106+8.jpg,2
139_169+87.jpg,1
032_108+34.jpg,0
010_042+10.jpg,1
042_066+30.jpg,2
008_066+13.jpg,2
035_062+31.jpg,2
012_071+24.jpg,0
071_064+21.jpg,0
MET+63.jpg,1
021_071+24.jpg,2
002_008+12.jpg,2
220_190+28.jpg,2
016_071+40.jpg,2
051_066+13.jpg,1
113_175+7.jpg,0
008_139+36.jpg,0
030_098+1.jpg,2
029_139+36.jpg,0
003_071+39.jpg,2
020_078+44.jpg,2
140_157+93.jpg,1
109_108+34.jpg,0
060_071+24.jpg,2
017_175+7.jpg,2
049_063+2.jpg,2
349_190+28.jpg,0
081_071+25.jpg,0
112_SV-P+49.jpg,1
104_100+5.jpg,0
141_168+84.jpg,1
068_187+6-ball.jpg,0
026_064+21.jpg,2
045_064+9.jpg,2
180_187+6-ball.jpg,1
155_187+6.jpg,1
081_063+2.jpg,0
143_187+6.jpg,1
004_SV-P+49.jpg,2
150_169+87.jpg,1
078_064+9.jpg,0
151_164+82.jpg,1
077_106+8.jpg,2
040_071+40.jpg,0
053_071+39.jpg,2
105_165+37.jpg,2
001_021+41.jpg,0
066_086+95.jpg,2
091_100+5.jpg,1
157_187+6.jpg,1
155_187+6-ball.jpg,1
095_071+25.jpg,0
128_165+37.jpg,2
106_139+36.jpg,2
013_022+26.jpg,1
155_164+82.jpg,1
123_187+6-ball.jpg,0
087_066+29.jpg,0
021_062+31.jpg,2
008_066+29.jpg,2
032_071+25.jpg,2
048_175+7.jpg,2
007_071+24.jpg,2
062_063+2.jpg,1
MET+49.jpg,1
071_190+28.jpg,0
007_066+29.jpg,2
074_064+9.jpg,0
048_066+23.jpg,2
073_086+95.jpg,2
070_066+23.jpg,0
004_086+95.jpg,2
104_101+22.jpg,0
073_106+8.jpg,2
031_064+21.jpg,2
143_165+37.jpg,2
227_SV-P+49.jpg,1
043_071+40.jpg,2
042_071+24.jpg,2
130_139+36.jpg,1
083_071+25.jpg,2
038_165+37.jpg,0
033_078+45.jpg,2
030_102+14.jpg,2
008_078+44.jpg,2
076_064+9.jpg,2
023_139+36.jpg,2
061_078+44.jpg,2
044_086+94.jpg,2
133_187+6-ball.jpg,2
061_187+6-ball.jpg,2
223_SV-P+49.jpg,2
028_106+8.jpg,2
016_108+34.jpg,2
035_SV-P+49.jpg,0
060_SV-P+49.jpg,2
011_071+40.jpg,2
020_086+95.jpg,2
132_102+14.jpg,0
087_064+21.jpg,0
057_165+37.jpg,2
005_066+29.jpg,2
121_102+14.jpg,0
106_106+8.jpg,1
DAR+63.jpg,1
136_157+93.jpg,1
011_187+6-ball.jpg,0
089_063+2.jpg,0
084_064+9.jpg,0
372_414+63.jpg,1
120_190+28.jpg,2
135_145+78.jpg,1
034_078+44.jpg,2
042_086+94.jpg,2
043_071+39.jpg,2
170_153+81.jpg,0
331_190+28.jpg,0
004_064+21.jpg,2
148_157+79.jpg,1
115_135+77.jpg,1
242_190+28.jpg,2
037_066+29.jpg,2
081_066+23.jpg,0
024_030+66.jpg,1
030_038+35.jpg,1
016_071+39.jpg,0
321_190+28.jpg,0
029_078+44.jpg,2
370_414+63.jpg,1
012_165+37.jpg,2
060_064+21.jpg,1
059_100+5.jpg,2
053_064+9.jpg,1
100_SV-P+49.jpg,0
008_066+30.jpg,2
066_106+8.jpg,2
154_165+37.jpg,1
005_190+28.jpg,2
025_064+21.jpg,2
176_165+37.jpg,2
007_086+94.jpg,2
051_108+34.jpg,0
163_190+28.jpg,1
038_106+8.jpg,2
178_190+28.jpg,1
064_187+6.jpg,2
006_139+36.jpg,2
080_063+2.jpg,0
015_019+15.jpg,1
054_101+22.jpg,2
015_100+5.jpg,2
038_101+22.jpg,0
WAT+60.jpg,1
015_021+41.jpg,1
068_078+45.jpg,2
005_187+6.jpg,2
168_175+7.jpg,1
092_187+6.jpg,2
037_078+44.jpg,2
001_098+1.jpg,2
011_073+42.jpg,2
050_066+30.jpg,2
132_158+92.jpg,1
104_139+36.jpg,2
002_020+33.jpg,2
010_078+45.jpg,2
030_042+10.jpg,1
080_SV-P+49.jpg,0
004_071+39.jpg,2
015_175+7.jpg,2
023_042+10.jpg,1
014_187+6.jpg,2
099_SV-P+49.jpg,2
078_SV-P+49.jpg,0
121_190+28.jpg,2
077_187+6-ball.jpg,0
FIG+63.jpg,1
013_100+5.jpg,2
023_023+47.jpg,1
023_066+23.jpg,2
022_078+45.jpg,2
039_063+2.jpg,2
020_020+33.jpg,1
008_021+19.jpg,0
089_108+34.jpg,0
012_022+26.jpg,1
062_086+94.jpg,2
177_187+6-ball.jpg,1
042_139+36.jpg,2
103_187+6.jpg,0
151_187+6-ball.jpg,1
076_165+37.jpg,0
013_062+31.jpg,2
036_108+34.jpg,2
287_190+28.jpg,2
083_175+7.jpg,0
053_165+37.jpg,2
PSY+36.jpg,1
023_165+37.jpg,2
227_190+28.jpg,2
007_108+34.jpg,2
084_SV-P+49.jpg,1
063_139+36.jpg,2
142_187+6.jpg,1
086_102+14.jpg,2
060_102+14.jpg,2
013_066+23.jpg,0
010_023+48.jpg,2
012_108+34.jpg,2
011_066+13.jpg,0
056_086+95.jpg,2
049_071+24.jpg,2
011_078+45.jpg,2
148_187+6.jpg,1
121_175+7.jpg,2
021_073+42.jpg,2
006_071+25.jpg,2
026_108+34.jpg,2
152_187+6.jpg,1
014_098+1.jpg,2
174_190+28.jpg,1
031_106+8.jpg,2
002_022+27.jpg,2
127_108+34.jpg,0
099_135+77.jpg,1
004_078+44.jpg,2
054_106+8.jpg,2
046_086+94.jpg,2
019_073+42.jpg,2
063_071+25.jpg,1
042_073+42.jpg,2
209_190+28.jpg,2
073_066+29.jpg,0
262_190+28.jpg,2
054_165+37.jpg,2
006_187+6-ball.jpg,0
014_021+41.jpg,1
032_071+39.jpg,2
020_187+6.jpg,0
102_187+6.jpg,0
075_066+30.jpg,0
052_SV-P+49.jpg,0
129_106+8.jpg,1
012_021+17.jpg,1
222_190+28.jpg,2
041_063+2.jpg,2
160_175+7.jpg,1
011_086+95.jpg,2
091_190+28.jpg,2
066_108+34.jpg,0
106_100+5.jpg,2
065_062+31.jpg,0
122_187+6.jpg,0
035_063+2.jpg,0
040_053+70.jpg,1
057_108+34.jpg,2
025_030+66.jpg,1
020_064+21.jpg,2
079_062+31.jpg,0
011_064+9.jpg,0
009_187+6.jpg,2
059_063+2.jpg,1
315_190+28.jpg,2
079_175+7.jpg,2
044_066+30.jpg,2
036_187+6-ball.jpg,0
398_414+63.jpg,1
043_053+70.jpg,1
013_022+27.jpg,1
005_022+18.jpg,0
147_168+84.jpg,1
134_139+36.jpg,1
019_022+27.jpg,1
056_165+37.jpg,2
124_187+6.jpg,0
078_190+28.jpg,2
068_086+95.jpg,2
011_062+31.jpg,2
065_071+24.jpg,1
009_102+14.jpg,2
012_139+36.jpg,2
003_073+42.jpg,2
104_190+28.jpg,2
037_175+7.jpg,0
067_101+22.jpg,2
052_064+9.jpg,1
011_071+39.jpg,2
001_022+26.jpg,2
026_078+45.jpg,2
107_101+22.jpg,2
004_071+25.jpg,2
051_064+21.jpg,2
020_190+28.jpg,2
031_042+10.jpg,1
071_078+45.jpg,1
040_101+22.jpg,2
212_190+28.jpg,2
135_158+92.jpg,1
019_020+3.jpg,1
071_102+14.jpg,2
121_106+8.jpg,0
122_187+6-ball.jpg,0
069_086+95.jpg,2
022_086+94.jpg,2
058_064+21.jpg,1
023_SV-P+49.jpg,1
002_020+32.jpg,2
149_176+90.jpg,1
058_066+29.jpg,2
087_SV-P+49.jpg,2
004_023+48.jpg,2
010_073+42.jpg,2
028_078+44.jpg,0
010_190+28.jpg,2
024_071+24.jpg,0
019_101+22.jpg,2
151_172+72.jpg,1
005_073+42.jpg,2
128_158+91.jpg,1
054_078+44.jpg,2
037_042+10.jpg,1
100_175+7.jpg,2
028_100+5.jpg,2
015_030+66.jpg,1
116_100+5.jpg,0
043_108+34.jpg,2
079_066+23.jpg,2
074_071+25.jpg,0
020_175+7.jpg,2
082_064+9.jpg,0
352_190+28.jpg,0
139_187+6.jpg,1
001_020+32.jpg,2
033_042+10.jpg,1
127_190+28.jpg,2
020_023+48.jpg,1
059_067+71.jpg,1
062_070+74.jpg,1
024_028+43.jpg,1
110_165+37.jpg,2
028_175+7.jpg,2
002_064+9.jpg,2
057_066+23.jpg,1
039_064+9.jpg,2
049_100+5.jpg,2
LIG+63.jpg,1
086_139+36.jpg,2
046_071+40.jpg,2
069_098+1.jpg,2
067_071+40.jpg,1
129_165+37.jpg,2
073_064+21.jpg,2
122_190+28.jpg,2
024_066+30.jpg,2
016_022+54.jpg,1
038_071+25.jpg,2
044_SV-P+49.jpg,2
044_071+39.jpg,2
035_175+7.jpg,2
109_100+5.jpg,0
012_021+4.jpg,1
005_063+2.jpg,2
069_165+37.jpg,2
056_106+8.jpg,2
085_101+22.jpg,0
027_071+40.jpg,2
070_190+28.jpg,2
138_156+75.jpg,1
036_078+44.jpg,2
061_101+22.jpg,2
094_071+25.jpg,0
021_022+26.jpg,1
021_066+29.jpg,2
059_071+25.jpg,2
053_071+24.jpg,0
118_135+77.jpg,1
110_100+5.jpg,0
002_028+43.jpg,1
041_108+34.jpg,2
030_071+39.jpg,2
091_139+36.jpg,2
015_064+21.jpg,2
044_071+24.jpg,2
120_139+36.jpg,1
057_086+94.jpg,2
006_008+12.jpg,0
052_064+21.jpg,2
002_008+11.jpg,2
209_187+6.jpg,0
023_066+30.jpg,2
013_018+16.jpg,1
046_064+21.jpg,2
062_101+22.jpg,2
145_187+6.jpg,1
056_175+7.jpg,2
077_086+95.jpg,2
081_064+9.jpg,0
045_071+24.jpg,2
005_064+9.jpg,2
071_098+1.jpg,2
074_139+36.jpg,2
001_023+48.jpg,2
146_175+7.jpg,1
068_071+40.jpg,1
034_098+1.jpg,2
061_071+25.jpg,1
014_021+17.jpg,1
058_098+1.jpg,2
014_175+7.jpg,2
048_073+42.jpg,2
043_SV-P+49.jpg,0
086_190+28.jpg,2
058_066+30.jpg,2
119_187+6-ball.jpg,2
093_064+9.jpg,1
079_086+94.jpg,1
027_078+44.jpg,2
016_024+56.jpg,1
081_175+7.jpg,2
030_139+36.jpg,2
014_020+33.jpg,1
076_066+23.jpg,2
008_102+14.jpg,2
035_086+94.jpg,2
PSY+60.jpg,1
106_187+6-ball.jpg,2
072_106+8.jpg,2
013_066+13.jpg,2
071_175+7.jpg,2
011_SV-P+49.jpg,2
014_066+13.jpg,2
156_187+6.jpg,1
064_108+34.jpg,2
087_165+37.jpg,2
029_066+30.jpg,2
058_066+23.jpg,1
115_187+6.jpg,2
049_078+45.jpg,2
088_106+8.jpg,2
114_165+37.jpg,2
126_139+36.jpg,1
058_078+45.jpg,0
001_071+40.jpg,2
060_066+30.jpg,1
002_021+19.jpg,2
048_187+6.jpg,2
036_066+29.jpg,2
050_071+24.jpg,2
023_086+94.jpg,2
077_064+9.jpg,0
031_038+35.jpg,1
022_165+37.jpg,2
005_019+15.jpg,2
051_063+2.jpg,2
004_019+15.jpg,2
109_S-P+52.jpg,1
075_187+6-ball.jpg,2
017_021+17.jpg,1
004_008+11.jpg,2
089_100+5.jpg,1
048_071+40.jpg,2
084_139+36.jpg,0
004_190+28.jpg,2
090_102+14.jpg,1
036_064+21.jpg,0
028_086+95.jpg,2
012_086+94.jpg,2
043_078+45.jpg,2
004_028+43.jpg,1
076_078+44.jpg,1
009_098+1.jpg,2
059_068+57.jpg,1
043_066+29.jpg,2
117_102+14.jpg,2
027_066+30.jpg,0
101_108+34.jpg,1
054_108+34.jpg,2
228_SV-P+49.jpg,1
006_064+9.jpg,2
009_066+29.jpg,2
071_086+95.jpg,2
248_190+28.jpg,2
039_042+10.jpg,1
109_165+37.jpg,2
061_190+28.jpg,2
071_139+36.jpg,2
151_165+37.jpg,0
003_062+31.jpg,2
006_101+22.jpg,2
075_165+37.jpg,2
019_030+50.jpg,1
039_086+95.jpg,2
007_139+36.jpg,2
148_153+81.jpg,1
017_021+19.jpg,1
290_190+28.jpg,2
014_062+31.jpg,2
064_064+21.jpg,1
021_063+2.jpg,2
005_SV-P+49.jpg,2
013_023+48.jpg,1
080_101+22.jpg,2
128_100+5.jpg,0
026_071+40.jpg,2
003_190+28.jpg,2
097_190+28.jpg,2
026_073+42.jpg,2
131_139+36.jpg,1
323_190+28.jpg,0
057_063+2.jpg,1
058_187+6-ball.jpg,0
337_190+28.jpg,0
150_187+6.jpg,1
066_187+6-ball.jpg,2
023_066+29.jpg,2
056_102+14.jpg,2
035_190+28.jpg,0
056_190+28.jpg,2
063_106+8.jpg,2
062_066+13.jpg,1
068_086+94.jpg,2
065_078+45.jpg,2
076_190+28.jpg,0
135_157+79.jpg,1
159_165+37.jpg,1
004_020+33.jpg,2
040_078+45.jpg,2
067_062+31.jpg,0
018_071+40.jpg,2
006_064+21.jpg,2
141_157+93.jpg,1
037_071+39.jpg,2
015_066+23.jpg,2
019_021+41.jpg,1
039_098+1.jpg,0
085_098+1.jpg,2
042_066+13.jpg,2
051_078+45.jpg,2
219_190+28.jpg,2
075_078+44.jpg,1
022_101+22.jpg,0
153_187+6-ball.jpg,1
110_187+6.jpg,2
025_066+29.jpg,2
116_SV-P+49.jpg,2
051_175+7.jpg,2
306_190+28.jpg,2
048_063+2.jpg,2
022_021+4.jpg,0
071_101+22.jpg,2
007_098+1.jpg,2
098_106+8.jpg,1
098_139+36.jpg,2
053_175+7.jpg,2
087_066+30.jpg,0
067_098+1.jpg,2
019_190+28.jpg,0
019_165+37.jpg,2
241_190+28.jpg,2
017_021+41.jpg,1
007_SV-P+49.jpg,2
005_008+12.jpg,2
103_102+14.jpg,2
011_021+17.jpg,1
001_175+7.jpg,2
096_165+37.jpg,2
061_100+5.jpg,0
102_108+34.jpg,1
108_106+8.jpg,2
138_108+34.jpg,0
175_190+28.jpg,1
028_071+25.jpg,2
124_190+28.jpg,2
090_190+28.jpg,2
113_102+14.jpg,0
027_SV-P+49.jpg,2
085_086+95.jpg,1
010_022+20.jpg,1
048_064+9.jpg,2
277_190+28.jpg,2
070_175+7.jpg,2
023_071+25.jpg,2
025_071+39.jpg,0
001_SV-P+49.jpg,0
148_164+82.jpg,1
025_165+37.jpg,2
024_165+37.jpg,0
016_021+17.jpg,1
150_190+28.jpg,2
024_062+31.jpg,2
010_071+40.jpg,2
194_165+37.jpg,0
004_071+24.jpg,2
051_190+28.jpg,2
034_187+6-ball.jpg,2
218_190+28.jpg,2
079_102+14.jpg,2
108_139+36.jpg,2
005_078+45.jpg,2
048_086+94.jpg,2
014_019+15.jpg,1
054_066+29.jpg,0
111_102+14.jpg,2
101_101+22.jpg,1
003_SV-P+49.jpg,2
034_078+45.jpg,2
108_165+37.jpg,2
061_098+1.jpg,2
134_175+7.jpg,1
065_187+6-ball.jpg,2
013_078+45.jpg,2
030_064+21.jpg,2
015_106+8.jpg,2
074_064+21.jpg,2
083_190+28.jpg,2
125_190+28.jpg,2
011_066+23.jpg,2
087_098+1.jpg,1
068_078+44.jpg,0
046_098+1.jpg,2
097_187+6-ball.jpg,2
075_106+8.jpg,2
006_022+20.jpg,2
150_164+82.jpg,1
081_062+31.jpg,1
013_071+24.jpg,2
406_414+63.jpg,1
165_187+6-ball.jpg,1
048_062+31.jpg,2
LIG+46.jpg,1
021_190+28.jpg,2
005_022+26.jpg,2
034_063+2.jpg,2
034_108+34.jpg,2
163_165+37.jpg,1
168_187+6-ball.jpg,1
042_064+21.jpg,2
324_190+28.jpg,0
FIG+70.jpg,1
068_066+23.jpg,0
243_190+28.jpg,2
058_100+5.jpg,2
032_071+24.jpg,2
098_175+7.jpg,2
048_071+39.jpg,2
019_098+1.jpg,2
003_022+27.jpg,2
095_100+5.jpg,1
078_086+95.jpg,2
092_175+7.jpg,2
049_086+94.jpg,0
PSY+68.jpg,1
224_190+28.jpg,2
039_101+22.jpg,2
016_064+9.jpg,2
005_020+33.jpg,2
111_139+36.jpg,1
063_066+23.jpg,1
003_021+41.jpg,2
114_190+28.jpg,0
063_073+42.jpg,2
020_073+42.jpg,0
056_066+29.jpg,2
068_066+30.jpg,0
050_062+31.jpg,0
071_071+39.jpg,1
018_021+4.jpg,1
038_071+40.jpg,2
069_086+94.jpg,0
152_176+90.jpg,1
093_066+23.jpg,0
026_098+1.jpg,2
106_SV-P+49.jpg,1
074_106+8.jpg,2
035_139+36.jpg,2
127_139+36.jpg,1
022_066+30.jpg,2
208_190+28.jpg,2
028_165+37.jpg,2
239_190+28.jpg,2
041_165+37.jpg,2
298_190+28.jpg,2
050_139+36.jpg,2
012_020+32.jpg,1
011_020+58.jpg,1
103_165+37.jpg,2
013_108+34.jpg,2
033_139+36.jpg,2
027_106+8.jpg,2
281_190+28.jpg,2
042_187+6-ball.jpg,0
207_187+6.jpg,0
074_086+95.jpg,2
024_139+36.jpg,2
057_064+21.jpg,1
073_102+14.jpg,2
036_190+28.jpg,2
147_187+6.jpg,1
110_SV-P+49.jpg,0
169_187+6-ball.jpg,1
198_190+28.jpg,2
098_165+37.jpg,2
046_078+44.jpg,2
019_022+26.jpg,1
019_100+5.jpg,2
012_073+42.jpg,2
048_SV-P+49.jpg,2
050_106+8.jpg,2
WAT+49.jpg,1
190_165+37.jpg,0
081_064+21.jpg,0
071_071+40.jpg,1
133_172+72.jpg,1
028_071+40.jpg,0
075_086+94.jpg,2
053_062+31.jpg,1
151_SV-P+49.jpg,1
071_062+31.jpg,0
073_073+42.jpg,1
036_098+1.jpg,2
087_108+34.jpg,2
022_023+48.jpg,1
042_086+95.jpg,0
084_165+37.jpg,2
061_106+8.jpg,2
166_187+6.jpg,1
093_165+37.jpg,2
055_102+14.jpg,2
108_190+28.jpg,2
130_106+8.jpg,2
036_073+42.jpg,2
058_078+44.jpg,2
159_175+7.jpg,1
031_066+30.jpg,2
048_078+44.jpg,2
016_066+23.jpg,2
065_100+5.jpg,2
032_098+1.jpg,0
098_187+6.jpg,2
138_157+79.jpg,1
095_100+64.jpg,1
053_063+2.jpg,2
030_106+8.jpg,2
076_078+45.jpg,1
001_020+33.jpg,0
036_187+6.jpg,2
009_078+45.jpg,2
148_169+87.jpg,1
006_042+10.jpg,2
084_086+95.jpg,1
032_187+6.jpg,2
014_071+40.jpg,2
051_053+70.jpg,1
085_175+7.jpg,2
132_158+91.jpg,1
059_071+39.jpg,2
186_SV-P+49.jpg,2
115_108+34.jpg,0
056_064+21.jpg,1
373_414+63.jpg,1
143_190+28.jpg,2
117_SV-P+49.jpg,2
044_064+9.jpg,2
076_108+34.jpg,2
126_101+22.jpg,0
011_165+37.jpg,2
048_108+34.jpg,2
015_071+25.jpg,2
012_066+30.jpg,2
069_064+9.jpg,2
039_102+14.jpg,2
015_020+32.jpg,1
017_071+24.jpg,2
063_102+14.jpg,2
128_156+75.jpg,1
045_098+1.jpg,2
098_108+34.jpg,2
003_021+46.jpg,2
PSY+35.jpg,1
010_098+1.jpg,2
034_100+5.jpg,2
038_071+24.jpg,2
072_102+14.jpg,2
166_175+7.jpg,1
060_078+44.jpg,2
066_078+44.jpg,2
148_SV-P+49.jpg,0
015_064+9.jpg,2
017_022+20.jpg,1
083_187+6-ball.jpg,2
062_175+7.jpg,2
LIG+68.jpg,1
141_157+79.jpg,1
057_187+6.jpg,2
018_042+10.jpg,1
147_175+7.jpg,1
030_SV-P+49.jpg,2
002_023+48.jpg,2
058_108+34.jpg,2
042_165+37.jpg,2
040_139+36.jpg,2
060_071+25.jpg,2
014_071+25.jpg,2
027_071+25.jpg,2
228_190+28.jpg,2
031_101+22.jpg,2
055_175+7.jpg,2
099_187+6.jpg,2
063_062+31.jpg,2
019_139+36.jpg,2
001_021+4.jpg,2
018_019+15.jpg,1
131_100+5.jpg,0
021_064+9.jpg,2
230_187+6.jpg,0
049_098+1.jpg,2
147_190+28.jpg,2
010_100+5.jpg,2
LIG+56.jpg,1
007_022+20.jpg,2
019_021+17.jpg,1
022_063+2.jpg,2
016_071+24.jpg,2
206_190+28.jpg,2
102_165+37.jpg,2
120_165+37.jpg,2
046_106+8.jpg,2
012_042+10.jpg,1
001_086+94.jpg,2
FIG+84.jpg,1
082_102+14.jpg,2
172_190+28.jpg,1
055_066+29.jpg,2
141_169+87.jpg,1
028_071+39.jpg,2
065_066+30.jpg,1
185_190+28.jpg,1
175_165+37.jpg,2
018_165+37.jpg,2
GRA+18.jpg,1
040_071+25.jpg,2
017_078+44.jpg,2
007_102+14.jpg,2
295_190+28.jpg,2
193_190+28.jpg,2
132_106+8.jpg,0
128_106+8.jpg,0
091_106+8.jpg,2
063_064+21.jpg,1
043_086+94.jpg,2
081_098+1.jpg,2
003_100+5.jpg,2
001_100+5.jpg,2
162_190+28.jpg,1
004_021+41.jpg,2
121_108+34.jpg,2
091_063+2.jpg,0
117_101+22.jpg,0
041_175+7.jpg,2
047_066+30.jpg,2
171_190+28.jpg,1
032_042+10.jpg,1
135_190+28.jpg,0
018_066+13.jpg,0
052_108+34.jpg,2
091_102+14.jpg,1
365_414+63.jpg,1
019_042+10.jpg,1
033_066+13.jpg,2
033_106+8.jpg,0
009_021+17.jpg,1
181_187+6.jpg,1
018_071+25.jpg,2
047_SV-P+49.jpg,2
008_071+25.jpg,2
081_165+37.jpg,2
030_066+13.jpg,2
164_175+7.jpg,1
077_078+44.jpg,1
075_062+31.jpg,2
038_187+6-ball.jpg,0
041_066+23.jpg,2
005_022+20.jpg,2
006_020+3.jpg,2
091_165+37.jpg,2
022_078+44.jpg,2
116_187+6.jpg,2
030_101+22.jpg,2
235_187+6.jpg,2
138_190+28.jpg,2
061_066+29.jpg,1
064_066+30.jpg,1
047_098+1.jpg,2
004_100+5.jpg,2
051_071+40.jpg,2
023_063+2.jpg,2
035_064+21.jpg,2
051_139+36.jpg,2
050_073+42.jpg,0
033_066+29.jpg,2
016_022+26.jpg,1
068_108+34.jpg,2
005_066+23.jpg,2
131_190+28.jpg,2
134_172+72.jpg,1
FIR+36.jpg,1
054_SV-P+49.jpg,1
090_071+24.jpg,0
007_073+42.jpg,0
052_071+25.jpg,2
180_200+89.jpg,1
081_066+29.jpg,0
035_066+30.jpg,2
028_187+6.jpg,2
028_062+31.jpg,2
113_108+34.jpg,1
029_086+94.jpg,2
136_139+36.jpg,1
035_187+6-ball.jpg,0
015_024+56.jpg,1
093_175+7.jpg,2
066_139+36.jpg,2
MET+43.jpg,1
110_108+34.jpg,0
015_086+95.jpg,2
064_SV-P+49.jpg,2
132_187+6.jpg,2
051_SV-P+49.jpg,0
006_086+95.jpg,2
070_086+94.jpg,2
057_098+1.jpg,2
047_071+39.jpg,2
044_073+42.jpg,2
059_187+6.jpg,2
056_071+25.jpg,2
027_078+45.jpg,2
016_101+22.jpg,2
175_187+6-ball.jpg,1
018_187+6-ball.jpg,2
039_071+24.jpg,2
094_101+22.jpg,1
008_101+22.jpg,2
183_SV-P+49.jpg,0
179_165+37.jpg,0
022_139+36.jpg,2
019_020+33.jpg,1
197_190+28.jpg,2
150_168+84.jpg,1
049_071+39.jpg,0
046_063+2.jpg,2
040_073+42.jpg,2
011_042+10.jpg,1
144_187+6.jpg,1
011_066+29.jpg,2
088_064+9.jpg,0
045_102+14.jpg,2
354_190+28.jpg,0
016_020+32.jpg,1
116_108+34.jpg,2
126_190+28.jpg,2
017_063+2.jpg,2
086_066+23.jpg,0
103_100+5.jpg,0
051_064+9.jpg,0
204_190+28.jpg,2
128_190+28.jpg,2
008_071+40.jpg,2
033_086+95.jpg,2
130_102+14.jpg,0
199_187+6.jpg,0
077_066+29.jpg,0
003_020+32.jpg,2
032_086+95.jpg,2
015_066+13.jpg,2
021_023+47.jpg,1
079_063+2.jpg,0
088_101+22.jpg,2
020_106+8.jpg,2
005_020+32.jpg,2
044_064+21.jpg,2
334_190+28.jpg,0
059_190+28.jpg,2
165_SV-P+49.jpg,0
063_SV-P+49.jpg,0
038_086+95.jpg,2
039_139+36.jpg,2
129_159+69.jpg,1
009_190+28.jpg,2
121_100+5.jpg,0
071_066+30.jpg,0
014_100+5.jpg,2
064_071+39.jpg,2
008_108+34.jpg,2
069_071+25.jpg,1
042_053+70.jpg,1
027_165+37.jpg,2
103_SV-P+49.jpg,2
124_100+5.jpg,0
056_078+44.jpg,2
039_187+6.jpg,0
004_063+2.jpg,2
086_071+25.jpg,0
003_086+95.jpg,2
054_139+36.jpg,2
236_187+6.jpg,0
165_165+37.jpg,1
070_165+37.jpg,2
015_071+24.jpg,2
119_187+6.jpg,2
085_190+28.jpg,2
066_175+7.jpg,2
024_066+13.jpg,0
026_100+5.jpg,2
001_086+95.jpg,2
038_175+7.jpg,0
084_086+94.jpg,1
092_071+24.jpg,0
022_073+42.jpg,2
009_066+13.jpg,2
136_187+6.jpg,0
028_066+29.jpg,2
057_187+6-ball.jpg,2
017_187+6-ball.jpg,2
193_187+6.jpg,1
043_066+13.jpg,2
191_190+28.jpg,2
113_139+36.jpg,1
074_078+45.jpg,1
033_187+6.jpg,2
131_157+93.jpg,1
140_190+28.jpg,2
005_071+24.jpg,0
004_021+17.jpg,2
008_073+42.jpg,2
160_165+37.jpg,1
042_064+9.jpg,2
303_190+28.jpg,2
014_022+26.jpg,1
077_139+36.jpg,2
164_190+28.jpg,1
335_190+28.jpg,0
031_066+23.jpg,2
048_098+1.jpg,2
009_063+2.jpg,2
049_064+9.jpg,2
MET+3.jpg,1
016_066+29.jpg,2
066_187+6.jpg,2
051_071+24.jpg,2
065_073+42.jpg,1
403_414+63.jpg,1
084_108+34.jpg,2
062_078+45.jpg,2
046_175+7.jpg,0
036_139+36.jpg,2
112_175+7.jpg,2
146_SV-P+49.jpg,2
070_086+95.jpg,2
096_190+28.jpg,2
064_071+25.jpg,1
103_190+28.jpg,2
041_098+1.jpg,2
137_187+6-ball.jpg,1
022_106+8.jpg,2
043_071+24.jpg,2
225_SV-P+49.jpg,2
066_102+14.jpg,2
089_190+28.jpg,2
115_165+37.jpg,0
035_078+45.jpg,2
071_066+23.jpg,0
015_190+28.jpg,2
286_190+28.jpg,2
096_071+25.jpg,0
142_159+69.jpg,1
014_020+61.jpg,1
041_071+40.jpg,2
098_187+6-ball.jpg,2
042_071+25.jpg,2
068_100+5.jpg,2
090_100+5.jpg,1
009_021+46.jpg,2
003_020+33.jpg,2
055_073+42.jpg,2
063_064+9.jpg,1
045_101+22.jpg,2
070_187+6.jpg,2
001_028+43.jpg,1
014_139+36.jpg,0
140_156+75.jpg,1
068_071+39.jpg,1
060_063+2.jpg,1
024_066+29.jpg,2
039_100+5.jpg,2
003_071+24.jpg,2
237_190+28.jpg,2
163_175+7.jpg,1
202_165+37.jpg,0
053_086+94.jpg,2
183_187+6-ball.jpg,2
006_021+19.jpg,2
096_071+24.jpg,0
003_098+1.jpg,2
012_021+53.jpg,1
279_190+28.jpg,2
014_063+2.jpg,2
001_165+37.jpg,2
034_066+23.jpg,2
151_169+87.jpg,1
021_022+18.jpg,1
220_SV-P+49.jpg,2
077_086+94.jpg,2
091_064+21.jpg,2
053_102+14.jpg,2
011_021+19.jpg,1
104_108+34.jpg,1
083_071+24.jpg,0
085_106+8.jpg,2
021_187+6.jpg,2
221_190+28.jpg,2
005_086+95.jpg,0
037_063+2.jpg,2
050_098+1.jpg,2
135_175+7.jpg,1
089_SV-P+49.jpg,2
213_190+28.jpg,2
149_190+28.jpg,2
113_100+5.jpg,0
054_102+14.jpg,0
033_086+94.jpg,2
048_064+21.jpg,2
033_165+37.jpg,2
229_190+28.jpg,2
136_165+37.jpg,2
045_100+5.jpg,2
069_066+30.jpg,0
196_187+6.jpg,1
028_078+45.jpg,0
084_066+29.jpg,0
161_164+82.jpg,1
013_SV-P+49.jpg,1
041_064+9.jpg,2
095_135+77.jpg,1
008_022+26.jpg,2
017_020+32.jpg,1
133_106+8.jpg,0
020_100+5.jpg,2
012_020+33.jpg,1
046_071+24.jpg,2
038_066+13.jpg,2
FIG+49.jpg,1
106_187+6.jpg,2
161_172+51.jpg,1
033_066+30.jpg,2
004_066+23.jpg,2
095_165+37.jpg,2
058_071+25.jpg,2
067_071+24.jpg,1
176_187+6-ball.jpg,1
072_108+34.jpg,2
177_187+6.jpg,1
230_190+28.jpg,2
006_066+30.jpg,2
022_064+9.jpg,2
085_066+30.jpg,0
005_023+47.jpg,2
003_064+21.jpg,2
012_071+40.jpg,2
058_102+14.jpg,2
051_066+29.jpg,2
133_190+28.jpg,2
093_071+24.jpg,0
006_SV-P+49.jpg,2
080_071+24.jpg,0
WAT+68.jpg,1
026_063+2.jpg,2
127_100+5.jpg,0
066_078+45.jpg,2
036_064+9.jpg,2
187_SV-P+49.jpg,2
102_106+8.jpg,1
089_062+31.jpg,0
032_066+23.jpg,2
053_066+23.jpg,1
115_102+14.jpg,0
014_108+34.jpg,2
020_021+62.jpg,1
150_187+6-ball.jpg,1
125_187+6-ball.jpg,2
215_SV-P+49.jpg,2
117_165+37.jpg,2
060_165+37.jpg,2
005_098+1.jpg,2
205_187+6.jpg,0
012_019+15.jpg,1
045_078+45.jpg,2
053_SV-P+49.jpg,1
127_175+7.jpg,1
041_066+13.jpg,0
065_165+37.jpg,0
018_071+39.jpg,2
011_108+34.jpg,2
016_100+5.jpg,2
086_064+21.jpg,1
134_106+8.jpg,0
267_190+28.jpg,2
077_071+24.jpg,0
DAR+36.jpg,1
200_165+37.jpg,0
014_071+39.jpg,2
077_063+2.jpg,0
012_101+22.jpg,2
171_187+6.jpg,1
007_021+46.jpg,0
LIG+27.jpg,1
082_062+31.jpg,1
049_078+44.jpg,0
121_159+69.jpg,1
025_086+95.jpg,2
012_022+18.jpg,1
082_066+29.jpg,0
204_165+37.jpg,0
142_176+90.jpg,1
003_165+37.jpg,0
151_187+6.jpg,1
029_064+21.jpg,2
057_101+22.jpg,2
012_106+8.jpg,2
102_SV-P+49.jpg,2
009_071+25.jpg,2
086_086+95.jpg,1
065_066+29.jpg,1
015_023+47.jpg,1
009_064+9.jpg,2
098_190+28.jpg,2
020_078+45.jpg,2
001_008+11.jpg,2
004_108+34.jpg,2
049_108+34.jpg,2
049_064+21.jpg,2
130_175+7.jpg,1
082_190+28.jpg,0
119_101+22.jpg,0
016_018+16.jpg,1
005_021+4.jpg,2
009_073+42.jpg,2
002_101+22.jpg,2
314_190+28.jpg,2
125_159+69.jpg,1
030_108+34.jpg,2
055_SV-P+49.jpg,0
017_108+34.jpg,2
094_102+14.jpg,1
062_071+24.jpg,1
025_101+22.jpg,2
067_064+21.jpg,0
074_071+24.jpg,0
089_187+6.jpg,2
066_071+40.jpg,1
124_139+36.jpg,1
073_101+22.jpg,2
001_066+30.jpg,2
020_020+3.jpg,1
017_190+28.jpg,2
PSY+49.jpg,1
059_187+6-ball.jpg,0
001_108+34.jpg,2
347_190+28.jpg,2
060_187+6.jpg,2
022_108+34.jpg,2
133_187+6.jpg,2
010_064+21.jpg,2
049_066+30.jpg,2
046_071+39.jpg,2
210_190+28.jpg,2
093_064+21.jpg,0
057_062+31.jpg,1
112_106+8.jpg,0
082_187+6.jpg,2
020_020+59.jpg,1
019_071+40.jpg,2
117_190+28.jpg,0
047_066+13.jpg,2
132_100+5.jpg,1
087_187+6-ball.jpg,0
018_106+8.jpg,2
073_187+6-ball.jpg,0
119_139+36.jpg,1
014_086+94.jpg,2
055_106+8.jpg,2
010_021+4.jpg,1
031_078+45.jpg,2
061_SV-P+49.jpg,2
020_071+24.jpg,2
122_102+14.jpg,0
201_165+37.jpg,0
072_066+29.jpg,2
027_062+31.jpg,2
057_071+39.jpg,2
094_139+36.jpg,2
049_073+42.jpg,2
062_139+36.jpg,2
122_101+22.jpg,0
040_042+10.jpg,1
075_100+5.jpg,2
004_086+94.jpg,2
068_175+7.jpg,2
012_SV-P+49.jpg,0
057_175+7.jpg,2
017_019+15.jpg,1
091_066+30.jpg,1
179_SV-P+49.jpg,1
062_098+1.jpg,2
007_028+43.jpg,1
021_086+95.jpg,2
023_102+14.jpg,2
099_108+34.jpg,2
034_062+31.jpg,2
155_175+7.jpg,1
175_175+7.jpg,1
012_086+95.jpg,2
008_020+33.jpg,2
137_190+28.jpg,2
037_139+36.jpg,2
029_064+9.jpg,2
029_066+13.jpg,2
040_066+13.jpg,2
196_190+28.jpg,2
021_106+8.jpg,2
161_175+7.jpg,1
083_066+29.jpg,0
308_190+28.jpg,2
112_100+5.jpg,0
019_063+2.jpg,2
010_020+3.jpg,1
004_022+18.jpg,2
143_169+87.jpg,1
WAT+84.jpg,1
081_187+6-ball.jpg,0
119_165+37.jpg,2
008_020+3.jpg,0
113_SV-P+49.jpg,1
104_187+6.jpg,0
171_187+6-ball.jpg,1
023_064+21.jpg,2
GRA+70.jpg,1
038_073+42.jpg,0
070_100+5.jpg,2
001_021+46.jpg,2
069_073+42.jpg,1
169_SV-P+49.jpg,2
068_165+37.jpg,2
069_063+2.jpg,0
096_175+7.jpg,2
032_101+22.jpg,2
015_062+31.jpg,2
051_106+8.jpg,2
068_064+21.jpg,1
265_190+28.jpg,2
087_066+23.jpg,0
043_062+31.jpg,2
012_078+45.jpg,2
024_098+1.jpg,2
088_063+2.jpg,0
052_078+45.jpg,2
016_078+45.jpg,0
123_187+6.jpg,2
072_187+6.jpg,2
023_190+28.jpg,2
017_020+3.jpg,1
033_062+31.jpg,2
006_187+6.jpg,2
368_414+63.jpg,1
021_021+4.jpg,1
016_086+95.jpg,2
078_165+37.jpg,2
151_190+28.jpg,2
062_086+95.jpg,0
044_053+70.jpg,1
142_175+7.jpg,1
117_139+36.jpg,1
008_086+94.jpg,2
248_172+51.jpg,2
009_022+20.jpg,1
135_139+36.jpg,1
003_066+23.jpg,2
WAT+35.jpg,1
002_078+44.jpg,2
021_078+44.jpg,2
055_064+9.jpg,1
056_071+24.jpg,2
016_066+30.jpg,2
174_SV-P+49.jpg,0
079_187+6.jpg,2
013_102+14.jpg,2
053_106+8.jpg,2
109_102+14.jpg,0
032_073+42.jpg,2
FIG+36.jpg,1
153_176+90.jpg,1
026_190+28.jpg,2
043_106+8.jpg,2
007_023+48.jpg,2
054_066+13.jpg,1
030_071+24.jpg,2
013_063+2.jpg,2
003_066+30.jpg,2
069_108+34.jpg,2
033_063+2.jpg,2
017_066+13.jpg,0
096_102+14.jpg,1
MET+13.jpg,1
018_175+7.jpg,2
124_175+7.jpg,2
044_100+5.jpg,2
052_062+31.jpg,2
124_101+22.jpg,0
035_071+25.jpg,2
091_SV-P+49.jpg,1
273_190+28.jpg,2
072_100+5.jpg,0
011_078+44.jpg,2
226_190+28.jpg,2
075_064+21.jpg,2
007_071+40.jpg,2
006_066+23.jpg,2
178_187+6.jpg,1
090_066+23.jpg,0
065_098+1.jpg,2
004_071+40.jpg,2
004_007+38.jpg,2
019_078+45.jpg,2
160_190+28.jpg,1
278_190+28.jpg,2
093_108+34.jpg,2
069_064+21.jpg,2
094_071+24.jpg,0
009_139+36.jpg,2
GRA+84.jpg,1
015_066+29.jpg,0
261_190+28.jpg,2
120_106+8.jpg,0
081_066+30.jpg,0
100_190+28.jpg,2
FIR+46.jpg,1
144_187+6-ball.jpg,1
081_SV-P+49.jpg,0
046_108+34.jpg,2
071_108+34.jpg,2
021_071+40.jpg,2
343_190+28.jpg,0
135_165+37.jpg,2
049_062+31.jpg,2
013_101+22.jpg,2
037_066+13.jpg,2
092_064+9.jpg,0
PSY+27.jpg,1
043_100+5.jpg,2
006_021+41.jpg,2
008_190+28.jpg,2
033_102+14.jpg,0
051_086+95.jpg,2
185_187+6.jpg,1
147_164+82.jpg,1
133_SV-P+49.jpg,0
GRA+63.jpg,1
010_165+37.jpg,2
088_102+14.jpg,0
011_023+48.jpg,1
021_187+6-ball.jpg,0
013_073+42.jpg,2
011_175+7.jpg,2
044_187+6-ball.jpg,0
037_108+34.jpg,2
214_190+28.jpg,2
012_100+5.jpg,2
051_078+44.jpg,2
020_071+39.jpg,2
049_086+95.jpg,2
002_020+3.jpg,2
017_023+48.jpg,1
018_022+54.jpg,1
003_018+16.jpg,2
055_062+31.jpg,1
093_100+5.jpg,1
166_187+6-ball.jpg,1
094_190+28.jpg,2
007_021+19.jpg,0
076_098+1.jpg,2
040_106+8.jpg,2
247_190+28.jpg,2
026_028+65.jpg,1
002_066+23.jpg,2
080_106+8.jpg,2
229_187+6.jpg,2
056_071+40.jpg,2
001_139+36.jpg,2
050_064+9.jpg,2
078_071+24.jpg,0
047_165+37.jpg,2
211_187+6.jpg,0
001_020+3.jpg,2
030_063+2.jpg,2
115_101+22.jpg,0
028_108+34.jpg,2
018_021+53.jpg,1
043_175+7.jpg,2
GRA+10.jpg,1
184_SV-P+49.jpg,1
016_SV-P+49.jpg,2
151_168+84.jpg,1
032_066+29.jpg,2
010_078+44.jpg,2
063_071+40.jpg,2
025_187+6-ball.jpg,0
076_066+29.jpg,0
068_071+24.jpg,1
086_101+22.jpg,2
073_187+6.jpg,2
017_187+6.jpg,2
016_187+6.jpg,0
060_062+31.jpg,1
245_190+28.jpg,2
188_165+37.jpg,0
084_175+7.jpg,2
004_098+1.jpg,2
022_071+24.jpg,2
045_187+6.jpg,2
025_066+30.jpg,2
113_187+6.jpg,2
044_078+45.jpg,2
009_086+95.jpg,2
FIR+17.jpg,1
154_187+6.jpg,1
087_187+6.jpg,2
FIG+62.jpg,1
010_022+27.jpg,2
102_190+28.jpg,2
047_066+29.jpg,2
051_066+23.jpg,2
010_018+16.jpg,1
138_175+7.jpg,1
190_187+6.jpg,0
161_165+37.jpg,1
144_157+93.jpg,1
007_165+37.jpg,2
018_100+5.jpg,2
007_062+31.jpg,2
001_066+23.jpg,2
022_190+28.jpg,2
034_071+25.jpg,2
351_190+28.jpg,0
093_106+8.jpg,2
061_066+30.jpg,1
020_021+19.jpg,1
104_175+7.jpg,2
050_066+23.jpg,2
030_071+25.jpg,2
005_007+38.jpg,0
045_064+21.jpg,2
058_064+9.jpg,1
018_187+6.jpg,2
062_066+29.jpg,1
073_062+31.jpg,0
020_030+50.jpg,1
123_101+22.jpg,2
013_064+21.jpg,2
146_190+28.jpg,2
031_100+5.jpg,2
030_073+42.jpg,0
007_086+95.jpg,2
108_187+6-ball.jpg,2
299_190+28.jpg,2
GRA+49.jpg,1
225_190+28.jpg,2
007_190+28.jpg,2
125_165+37.jpg,2
107_SV-P+49.jpg,2
051_062+31.jpg,0
059_108+34.jpg,2
195_165+37.jpg,0
096_101+22.jpg,1
003_187+6.jpg,0
021_165+37.jpg,2
078_078+44.jpg,1
028_190+28.jpg,2
117_100+5.jpg,0
194_187+6.jpg,0
035_064+9.jpg,2
221_SV-P+49.jpg,2
002_023+47.jpg,2
111_100+5.jpg,0
041_100+5.jpg,2
015_018+16.jpg,1
121_165+37.jpg,2
079_064+9.jpg,0
010_102+14.jpg,2
002_098+1.jpg,2
001_101+22.jpg,2
066_071+60.jpg,1
047_100+5.jpg,2
074_108+34.jpg,2
083_165+37.jpg,2
038_071+39.jpg,2
050_100+5.jpg,2
011_064+21.jpg,2
054_175+7.jpg,0
032_062+31.jpg,2
085_086+94.jpg,1
043_098+1.jpg,2
085_100+5.jpg,2
145_SV-P+49.jpg,2
028_066+23.jpg,2
087_139+36.jpg,2
164_187+6-ball.jpg,1
080_062+31.jpg,0
043_139+36.jpg,2
073_064+9.jpg,0
001_063+2.jpg,0
063_066+30.jpg,1
006_071+40.jpg,2
025_175+7.jpg,2
012_022+20.jpg,1
074_187+6.jpg,0
035_066+13.jpg,2
074_086+94.jpg,2
289_190+28.jpg,2
002_021+46.jpg,2
016_066+13.jpg,2
012_022+54.jpg,1
191_187+6.jpg,0
039_165+37.jpg,2
063_108+34.jpg,2
037_064+21.jpg,0
099_190+28.jpg,2
160_187+6.jpg,1
058_086+95.jpg,2
091_066+29.jpg,0
139_190+28.jpg,0
048_101+22.jpg,2
070_062+31.jpg,2
093_187+6.jpg,0
007_106+8.jpg,2
123_100+5.jpg,0
059_064+21.jpg,1
014_023+48.jpg,1
172_187+6.jpg,1
001_073+42.jpg,2
008_023+47.jpg,2
021_071+25.jpg,2
041_078+45.jpg,0
006_021+17.jpg,2
017_086+95.jpg,0
054_078+45.jpg,2
095_187+6.jpg,2
075_098+1.jpg,2
106_108+34.jpg,1
005_022+27.jpg,2
016_064+21.jpg,2
WAT+36.jpg,1
017_102+14.jpg,2
078_071+25.jpg,0
072_063+2.jpg,2
014_023+47.jpg,1
093_102+14.jpg,1
137_165+37.jpg,2
042_101+22.jpg,2
023_064+9.jpg,2
263_190+28.jpg,2
070_078+44.jpg,1
037_190+28.jpg,2
232_190+28.jpg,2
025_066+13.jpg,2
033_066+23.jpg,0
045_139+36.jpg,2
041_102+14.jpg,2
137_175+7.jpg,1
353_190+28.jpg,0
017_062+31.jpg,2
014_066+23.jpg,2
138_139+36.jpg,1
008_008+11.jpg,2
219_187+6.jpg,0
010_086+94.jpg,2
167_165+37.jpg,0
008_071+39.jpg,2
002_071+24.jpg,2
307_190+28.jpg,2
056_066+30.jpg,2
065_064+9.jpg,2
114_SV-P+49.jpg,1
033_073+42.jpg,2
075_101+22.jpg,2
055_101+22.jpg,2
017_SV-P+49.jpg,2
146_164+82.jpg,1
015_073+42.jpg,2
015_078+44.jpg,2
020_021+46.jpg,1
063_175+7.jpg,2
375_414+63.jpg,1
062_066+30.jpg,1
003_023+48.jpg,2
158_165+37.jpg,1
174_175+7.jpg,1
028_SV-P+49.jpg,2
103_106+8.jpg,1
332_190+28.jpg,0
149_S-P+52.jpg,1
058_086+94.jpg,2
026_064+9.jpg,2
076_102+14.jpg,2
046_101+22.jpg,2
065_063+2.jpg,0
164_SV-P+49.jpg,0
071_078+44.jpg,1
054_071+39.jpg,2
050_053+70.jpg,1
141_187+6-ball.jpg,1
002_064+21.jpg,2
073_190+28.jpg,2
009_100+5.jpg,2
182_SV-P+49.jpg,1
002_071+25.jpg,2
014_022+27.jpg,1
034_073+42.jpg,2
073_108+34.jpg,0
017_071+25.jpg,2
015_071+40.jpg,0
171_SV-P+49.jpg,2
015_021+46.jpg,1
065_086+94.jpg,2
022_066+23.jpg,2
087_101+22.jpg,2
120_100+5.jpg,1
081_086+94.jpg,1
014_021+46.jpg,1
040_066+29.jpg,2
PSY+33.jpg,1
050_078+44.jpg,0
080_064+9.jpg,2
105_175+7.jpg,2
106_102+14.jpg,0
023_175+7.jpg,2
166_190+28.jpg,1
135_108+34.jpg,0
038_139+36.jpg,2
PSY+10.jpg,1
167_175+7.jpg,1
052_066+30.jpg,2
002_021+4.jpg,2
131_106+8.jpg,2
092_066+23.jpg,0
074_102+14.jpg,0
059_066+30.jpg,1
047_078+45.jpg,2
065_066+23.jpg,1
345_190+28.jpg,0
018_139+36.jpg,2
268_190+28.jpg,2
031_071+39.jpg,2
061_102+14.jpg,2
022_187+6.jpg,0
032_165+37.jpg,2
022_071+25.jpg,0
101_165+37.jpg,2
009_106+8.jpg,2
109_101+22.jpg,2
001_062+31.jpg,2
076_063+2.jpg,0
069_071+24.jpg,1
218_187+6.jpg,0
067_066+30.jpg,0
WAT+13.jpg,1
091_187+6.jpg,0
093_139+36.jpg,2
157_164+82.jpg,1
002_042+10.jpg,2
071_066+29.jpg,0
072_078+45.jpg,1
062_102+14.jpg,2
038_086+94.jpg,2
026_086+94.jpg,2
DAR+10.jpg,1
088_175+7.jpg,2
078_078+45.jpg,1
060_086+95.jpg,2
093_SV-P+49.jpg,1
FIR+63.jpg,1
009_101+22.jpg,2
047_071+40.jpg,2
017_078+45.jpg,2
027_064+21.jpg,2
133_108+34.jpg,2
177_165+37.jpg,0
018_022+18.jpg,1
113_165+37.jpg,2
379_414+63.jpg,1
214_SV-P+49.jpg,1
002_175+7.jpg,2
175_SV-P+49.jpg,2
009_018+16.jpg,1
054_190+28.jpg,0
079_064+21.jpg,0
045_190+28.jpg,2
074_190+28.jpg,2
WAT+70.jpg,1
008_042+10.jpg,1
027_066+13.jpg,2
097_102+14.jpg,1
025_078+45.jpg,2
131_175+7.jpg,1
129_187+6.jpg,2
154_190+28.jpg,0
054_071+25.jpg,2
042_078+44.jpg,2
133_157+79.jpg,1
080_139+36.jpg,2
041_053+70.jpg,1
168_165+37.jpg,0
001_021+17.jpg,2
104_SV-P+49.jpg,1
FIR+35.jpg,1
007_187+6-ball.jpg,2
052_071+40.jpg,2
027_086+94.jpg,2
020_021+4.jpg,1
114_100+5.jpg,0
016_021+4.jpg,1
078_106+8.jpg,2
005_066+13.jpg,2
006_071+39.jpg,2
024_175+7.jpg,2
009_175+7.jpg,2
018_020+58.jpg,1
088_SV-P+49.jpg,2
165_175+7.jpg,1
177_184+85.jpg,1
003_021+4.jpg,2
160_164+82.jpg,1
016_062+31.jpg,2
026_106+8.jpg,0
053_064+21.jpg,2
090_165+37.jpg,2
010_022+26.jpg,0
101_187+6.jpg,0
174_190+76.jpg,1
376_414+63.jpg,1
097_187+6.jpg,2
082_187+6-ball.jpg,0
063_068+57.jpg,1
013_106+8.jpg,2
006_020+32.jpg,2
064_106+8.jpg,2
188_194+83.jpg,1
028_042+10.jpg,1
167_SV-P+49.jpg,0
231_187+6.jpg,1
171_175+7.jpg,1
125_101+22.jpg,0
077_100+5.jpg,2
019_175+7.jpg,2
025_187+6.jpg,2
056_187+6.jpg,0
036_066+23.jpg,2
032_066+30.jpg,2
022_022+26.jpg,1
062_062+31.jpg,1
005_066+30.jpg,2
029_102+14.jpg,2
045_086+94.jpg,2
006_100+5.jpg,2
024_064+9.jpg,2
085_SV-P+49.jpg,1
059_073+42.jpg,2
213_SV-P+49.jpg,1
012_102+14.jpg,0
074_165+37.jpg,2
LIG+84.jpg,1
029_063+2.jpg,2
016_021+53.jpg,1
093_190+28.jpg,2
134_108+34.jpg,0
131_102+14.jpg,0
346_190+28.jpg,0
077_098+1.jpg,2
081_071+24.jpg,0
039_190+28.jpg,2
208_SV-P+49.jpg,0
060_100+5.jpg,2
035_073+42.jpg,2
010_063+2.jpg,2
099_106+8.jpg,1
117_106+8.jpg,0
094_187+6.jpg,2
FIG+26.jpg,1
001_187+6.jpg,2
033_071+39.jpg,2
017_101+22.jpg,2
222_SV-P+49.jpg,2
187_187+6.jpg,1
118_187+6-ball.jpg,0
320_190+28.jpg,0
199_190+28.jpg,2
022_066+29.jpg,0
056_100+5.jpg,2
008_018+16.jpg,1
002_100+5.jpg,2
053_101+22.jpg,2
123_106+8.jpg,2
034_066+29.jpg,2
065_108+34.jpg,0
114_139+36.jpg,1
080_102+14.jpg,2
066_190+28.jpg,2
011_063+2.jpg,2
GRA+35.jpg,1
139_165+37.jpg,2
064_078+45.jpg,2
183_190+28.jpg,1
099_139+36.jpg,2
338_190+28.jpg,0
095_187+6-ball.jpg,2
118_102+14.jpg,2
021_078+45.jpg,2
317_190+28.jpg,2
041_073+42.jpg,2
092_SV-P+49.jpg,1
029_187+6.jpg,2
064_086+94.jpg,2
098_098+1.jpg,1
047_106+8.jpg,2
188_190+28.jpg,1
207_165+37.jpg,1
069_066+23.jpg,0
007_063+2.jpg,2
044_139+36.jpg,2
039_106+8.jpg,2
042_063+2.jpg,2
207_190+28.jpg,2
226_SV-P+49.jpg,0
015_022+20.jpg,1
025_098+1.jpg,2
034_071+24.jpg,2
071_064+9.jpg,0
037_073+42.jpg,2
014_078+44.jpg,0
LIG+19.jpg,1
023_101+22.jpg,2
070_101+22.jpg,2
005_021+41.jpg,2
020_021+53.jpg,1
052_071+24.jpg,0
082_175+7.jpg,2
018_030+66.jpg,1
063_078+45.jpg,2
015_042+10.jpg,1
159_187+6.jpg,1
066_100+5.jpg,2
056_108+34.jpg,2
091_071+25.jpg,0
103_101+22.jpg,2
020_101+22.jpg,2
069_100+5.jpg,0
055_098+1.jpg,0
199_165+37.jpg,1
041_190+28.jpg,2
DAR+43.jpg,1
031_187+6.jpg,2
003_175+7.jpg,2
024_066+23.jpg,2
006_106+8.jpg,2
110_175+7.jpg,2
076_100+5.jpg,2
132_108+34.jpg,0
013_190+28.jpg,2
062_SV-P+49.jpg,2
048_066+30.jpg,2
028_139+36.jpg,2
065_139+36.jpg,2
082_100+5.jpg,2
031_071+25.jpg,2
017_038+35.jpg,1
015_086+94.jpg,2
183_187+6.jpg,1
025_100+5.jpg,2
055_071+25.jpg,2
280_190+28.jpg,2
224_187+6.jpg,2
046_066+13.jpg,2
038_190+28.jpg,2
031_066+13.jpg,2
022_175+7.jpg,0
169_190+28.jpg,1
080_108+34.jpg,2
026_071+24.jpg,2
005_064+21.jpg,2
048_165+37.jpg,2
048_066+13.jpg,2
073_086+94.jpg,2
060_078+45.jpg,2
025_190+28.jpg,2
066_063+2.jpg,0
046_064+9.jpg,2
016_021+46.jpg,1
106_190+28.jpg,2
026_066+13.jpg,2
088_165+37.jpg,2
087_062+31.jpg,2
057_071+25.jpg,2
007_100+5.jpg,2
097_071+25.jpg,0
007_064+9.jpg,2
029_108+34.jpg,2
018_064+21.jpg,2
027_073+42.jpg,2
016_020+33.jpg,1
036_175+7.jpg,2
050_078+45.jpg,2
116_139+36.jpg,1
015_022+18.jpg,1
061_071+39.jpg,2
105_139+36.jpg,2
020_022+20.jpg,1
008_071+24.jpg,2
085_064+9.jpg,0
071_187+6-ball.jpg,0
067_063+2.jpg,2
025_078+44.jpg,2
092_098+1.jpg,1
090_064+21.jpg,0
094_108+34.jpg,2
030_086+95.jpg,2
077_078+45.jpg,1
152_SV-P+49.jpg,2
044_190+28.jpg,2
012_187+6.jpg,2
019_024+56.jpg,1
020_020+58.jpg,1
093_101+22.jpg,1
212_SV-P+49.jpg,1
145_157+79.jpg,1
028_030+50.jpg,1
046_165+37.jpg,2
GRA+36.jpg,1
140_157+79.jpg,1
022_022+20.jpg,1
017_022+18.jpg,1
187_190+28.jpg,1
114_175+7.jpg,2
001_021+19.jpg,2
DAR+49.jpg,1
190_194+83.jpg,1
223_187+6.jpg,0
060_098+1.jpg,2
002_187+6.jpg,2
045_078+44.jpg,2
016_139+36.jpg,2
056_101+22.jpg,2
184_187+6.jpg,1
054_086+94.jpg,2
071_106+8.jpg,2
047_066+23.jpg,2
135_172+72.jpg,1
034_071+40.jpg,2
037_078+45.jpg,0
067_165+37.jpg,2
122_156+75.jpg,1
170_SV-P+49.jpg,2
101_106+8.jpg,1
019_021+62.jpg,1
064_066+13.jpg,1
148_175+7.jpg,1
045_066+30.jpg,0
036_066+13.jpg,2
017_042+10.jpg,1
039_175+7.jpg,2
030_066+23.jpg,2
067_190+28.jpg,2
045_106+8.jpg,2
120_102+14.jpg,0
296_190+28.jpg,2
009_078+44.jpg,2
075_071+24.jpg,0
056_062+31.jpg,1
126_175+7.jpg,1
161_187+6-ball.jpg,1
129_158+91.jpg,1
007_078+45.jpg,2
LIG+43.jpg,1
086_175+7.jpg,2
040_108+34.jpg,2
092_108+34.jpg,2
052_066+29.jpg,2
028_071+24.jpg,2
014_190+28.jpg,0
132_190+28.jpg,0
182_190+28.jpg,1
019_071+24.jpg,2
092_165+37.jpg,2
094_100+5.jpg,1
035_038+35.jpg,1
006_073+42.jpg,2
009_066+30.jpg,2
086_098+1.jpg,2
066_064+9.jpg,0
050_102+14.jpg,2
189_165+37.jpg,0
146_187+6.jpg,1
011_139+36.jpg,2
064_165+37.jpg,2
090_098+1.jpg,1
099_101+22.jpg,1
093_098+1.jpg,1
027_102+14.jpg,2
MET+10.jpg,1
085_063+2.jpg,0
006_022+27.jpg,2
031_086+94.jpg,0
007_020+3.jpg,2
053_071+25.jpg,2
076_187+6-ball.jpg,0
123_108+34.jpg,0
077_102+14.jpg,2
080_190+28.jpg,2
053_086+95.jpg,2
032_139+36.jpg,2
020_165+37.jpg,2
015_165+37.jpg,2
PSY+48.jpg,1
344_190+28.jpg,0
083_064+9.jpg,0
090_187+6-ball.jpg,2
052_086+95.jpg,2
077_175+7.jpg,2
037_086+94.jpg,0
076_064+21.jpg,2
043_101+22.jpg,2
034_SV-P+49.jpg,2
202_187+6.jpg,0
013_071+39.jpg,2
031_071+40.jpg,2
031_086+95.jpg,2
069_078+44.jpg,1
015_187+6.jpg,2
108_187+6.jpg,2
089_066+23.jpg,0
052_063+2.jpg,0
008_078+45.jpg,0
052_139+36.jpg,2
042_062+31.jpg,2
232_187+6.jpg,1
063_086+95.jpg,2
087_063+2.jpg,0
060_073+42.jpg,2
179_187+6.jpg,1
023_106+8.jpg,0
168_154+80.jpg,0
032_038+35.jpg,1
144_175+7.jpg,1
283_190+28.jpg,2
082_064+21.jpg,0
065_101+22.jpg,0
011_021+41.jpg,1
122_100+5.jpg,1
042_042+10.jpg,1
044_102+14.jpg,2
096_100+5.jpg,1
045_108+34.jpg,2
039_066+13.jpg,2
052_190+28.jpg,2
113_187+6-ball.jpg,2
002_187+6-ball.jpg,2
087_175+7.jpg,2
006_063+2.jpg,2
078_100+5.jpg,2
043_071+25.jpg,2
024_071+25.jpg,2
162_187+6-ball.jpg,1
081_086+95.jpg,1
088_071+25.jpg,0
014_020+3.jpg,1
054_063+2.jpg,2
014_021+19.jpg,1
127_187+6-ball.jpg,2
039_108+34.jpg,2
008_086+95.jpg,2
020_021+41.jpg,1
009_021+4.jpg,0
064_102+14.jpg,2
070_071+39.jpg,1
092_063+2.jpg,1
002_073+42.jpg,2
059_062+31.jpg,1
078_066+30.jpg,2
005_042+10.jpg,0
036_063+2.jpg,2
006_066+29.jpg,2
015_102+14.jpg,2
035_071+39.jpg,0
072_066+30.jpg,0
014_064+9.jpg,2
171_165+37.jpg,0
011_023+47.jpg,2
134_157+79.jpg,1
075_086+95.jpg,0
086_062+31.jpg,0
015_020+33.jpg,1
220_187+6.jpg,0
067_071+39.jpg,1
052_071+39.jpg,2
084_100+5.jpg,2
021_021+17.jpg,1
076_066+30.jpg,0
126_106+8.jpg,0
091_071+24.jpg,0
312_190+28.jpg,2
013_175+7.jpg,2
118_100+5.jpg,0
040_063+2.jpg,2
057_078+44.jpg,2
056_139+36.jpg,2
100_102+14.jpg,1
078_066+23.jpg,0
081_102+14.jpg,2
034_042+10.jpg,1
035_106+8.jpg,2
325_190+28.jpg,0
223_190+28.jpg,2
156_175+7.jpg,1
253_190+28.jpg,2
005_071+25.jpg,2
004_165+37.jpg,2
222_187+6.jpg,0
001_071+25.jpg,2
072_062+31.jpg,2
064_086+95.jpg,2
130_190+28.jpg,2
098_100+5.jpg,1
049_066+23.jpg,2
137_187+6.jpg,1
018_190+28.jpg,2
073_078+44.jpg,1
037_SV-P+49.jpg,2
309_190+28.jpg,2
057_067+71.jpg,1
170_165+37.jpg,0
049_SV-P+49.jpg,1
073_175+7.jpg,2
143_175+7.jpg,1
002_062+31.jpg,2
157_187+6-ball.jpg,1
244_190+28.jpg,2
082_098+1.jpg,2
050_175+7.jpg,2
169_165+37.jpg,2
154_175+7.jpg,1
044_063+2.jpg,0
141_175+7.jpg,1
201_190+28.jpg,2
019_108+34.jpg,2
030_066+29.jpg,2
130_101+22.jpg,0
155_165+37.jpg,1
017_023+47.jpg,1
081_101+22.jpg,0
142_165+37.jpg,2
021_028+65.jpg,1
089_071+25.jpg,0
015_023+48.jpg,1
174_187+6-ball.jpg,1
013_020+61.jpg,1
197_187+6.jpg,2
118_108+34.jpg,2
057_064+9.jpg,1
056_078+45.jpg,2
019_023+48.jpg,1
079_101+22.jpg,2
010_021+19.jpg,1
146_176+90.jpg,1
073_165+37.jpg,2
PSY+20.jpg,1
MET+60.jpg,1
089_102+14.jpg,1
072_071+24.jpg,2
050_071+40.jpg,2
019_020+32.jpg,1
034_071+39.jpg,2
LIG+10.jpg,1
031_139+36.jpg,2
084_187+6-ball.jpg,2
080_071+25.jpg,0
009_071+39.jpg,2
065_070+73.jpg,1
090_066+29.jpg,0
031_102+14.jpg,2
002_071+40.jpg,2
018_086+94.jpg,2
086_108+34.jpg,2
026_187+6.jpg,0
016_078+44.jpg,2
064_100+5.jpg,2
085_187+6-ball.jpg,0
013_187+6.jpg,2
068_106+8.jpg,2
079_165+37.jpg,2
114_106+8.jpg,0
013_021+4.jpg,1
057_078+45.jpg,2
080_086+95.jpg,1
195_190+28.jpg,2
032_175+7.jpg,2
050_086+94.jpg,2
017_139+36.jpg,2
090_066+30.jpg,2
035_098+1.jpg,2
034_175+7.jpg,2
060_190+28.jpg,2
016_073+42.jpg,2
026_139+36.jpg,2
098_102+14.jpg,1
108_SV-P+49.jpg,2
162_175+7.jpg,1
059_106+8.jpg,2
129_172+72.jpg,1
066_071+24.jpg,1
107_187+6.jpg,2
036_071+40.jpg,2
067_102+14.jpg,2
136_175+7.jpg,1
001_066+13.jpg,2
121_187+6-ball.jpg,2
044_098+1.jpg,2
085_165+37.jpg,2
088_066+30.jpg,0
016_063+2.jpg,2
085_071+25.jpg,0
064_063+2.jpg,2
040_SV-P+49.jpg,2
062_100+5.jpg,2
115_100+5.jpg,2
167_187+6.jpg,1
044_066+23.jpg,2
003_064+9.jpg,2
066_066+13.jpg,1
011_071+25.jpg,2
107_100+5.jpg,0
101_100+5.jpg,2
130_159+69.jpg,1
002_071+39.jpg,2
032_190+28.jpg,0
094_064+9.jpg,1
019_020+61.jpg,1
026_SV-P+49.jpg,2
001_019+15.jpg,2
MET+68.jpg,1
037_106+8.jpg,2
037_071+40.jpg,2
018_066+29.jpg,2
067_071+25.jpg,1
170_187+6.jpg,1
052_073+42.jpg,2
066_073+42.jpg,1
006_066+13.jpg,2
037_165+37.jpg,2
050_066+13.jpg,1
109_190+28.jpg,2
167_190+28.jpg,1
018_078+45.jpg,2
042_187+6.jpg,2
029_038+35.jpg,1
030_078+44.jpg,2
079_108+34.jpg,2
022_042+10.jpg,1
057_066+30.jpg,0
090_071+25.jpg,0
008_063+2.jpg,2
008_106+8.jpg,2
083_066+23.jpg,0
079_071+25.jpg,0
024_064+21.jpg,2
134_187+6.jpg,0
071_086+94.jpg,2
016_175+7.jpg,0
170_154+80.jpg,0
007_021+4.jpg,0
029_190+28.jpg,2
023_024+56.jpg,1
058_165+37.jpg,2
027_100+5.jpg,2
010_066+30.jpg,2
017_071+39.jpg,2
272_190+28.jpg,2
065_106+8.jpg,2
154_187+6-ball.jpg,1
082_101+22.jpg,2
058_071+24.jpg,2
044_066+13.jpg,2
013_020+33.jpg,1
094_106+8.jpg,1
038_078+45.jpg,2
003_106+8.jpg,0
068_190+28.jpg,2
083_108+34.jpg,2
063_071+24.jpg,1
021_066+30.jpg,2
053_071+40.jpg,2
077_190+28.jpg,2
212_187+6.jpg,0
079_086+95.jpg,1
193_165+37.jpg,0
130_165+37.jpg,2
097_165+37.jpg,2
090_106+8.jpg,2
047_187+6.jpg,2
040_102+14.jpg,2
111_165+37.jpg,2
050_071+25.jpg,2
138_165+37.jpg,2
058_106+8.jpg,2
128_101+22.jpg,0
048_071+24.jpg,2
105_106+8.jpg,1
012_018+16.jpg,1
026_062+31.jpg,2
085_066+29.jpg,0
049_066+29.jpg,2
040_100+5.jpg,2
043_102+14.jpg,2
018_021+41.jpg,1
033_098+1.jpg,2
053_078+44.jpg,2
046_139+36.jpg,0
PSY+43.jpg,1
022_023+47.jpg,1
013_022+18.jpg,1
011_022+26.jpg,1
056_SV-P+49.jpg,2
039_086+94.jpg,2
083_187+6.jpg,2
043_066+30.jpg,2
055_063+2.jpg,2
031_190+28.jpg,2
023_071+40.jpg,2
048_139+36.jpg,0
070_102+14.jpg,2
006_190+28.jpg,2
140_169+87.jpg,1
010_022+18.jpg,1
097_108+34.jpg,2
004_021+46.jpg,2
024_078+44.jpg,2
FIR+68.jpg,1
128_108+34.jpg,0
089_100+64.jpg,1
186_165+37.jpg,0
025_063+2.jpg,2
062_064+21.jpg,1
059_066+13.jpg,1
313_190+28.jpg,2
079_098+1.jpg,0
022_086+95.jpg,2
064_078+44.jpg,2
007_071+39.jpg,2
150_165+37.jpg,2
055_071+40.jpg,2
063_101+22.jpg,2
070_078+45.jpg,1
032_078+45.jpg,2
214_187+6.jpg,0
094_064+21.jpg,1
021_071+39.jpg,2
055_165+37.jpg,2
021_021+53.jpg,1
021_021+41.jpg,1
029_101+22.jpg,2
100_101+22.jpg,1
136_106+8.jpg,0
045_071+39.jpg,2
140_165+37.jpg,2
072_101+22.jpg,2
066_064+21.jpg,0
001_187+6-ball.jpg,0
041_071+39.jpg,2
002_165+37.jpg,2
019_187+6.jpg,0
102_135+77.jpg,1
008_187+6-ball.jpg,0
082_086+94.jpg,1
048_190+28.jpg,2
029_042+10.jpg,1
078_098+1.jpg,2
091_064+9.jpg,0
011_021+53.jpg,1
094_175+7.jpg,0
014_022+54.jpg,1
013_021+41.jpg,1
036_086+94.jpg,2
035_042+10.jpg,1
090_063+2.jpg,0
059_098+1.jpg,2
008_021+4.jpg,2
011_100+5.jpg,2
004_022+27.jpg,2
311_190+28.jpg,2
018_063+2.jpg,2
144_190+28.jpg,2
138_158+92.jpg,1
017_022+54.jpg,1
034_102+14.jpg,2
116_175+7.jpg,2
019_021+4.jpg,1
023_071+24.jpg,2
187_165+37.jpg,0
022_028+65.jpg,1
021_086+94.jpg,2
044_187+6.jpg,2
018_SV-P+49.jpg,2
062_106+8.jpg,2
177_190+28.jpg,1
066_165+37.jpg,2
015_021+4.jpg,1
081_106+8.jpg,0
055_139+36.jpg,2
009_020+32.jpg,1
081_190+28.jpg,2
002_139+36.jpg,2
217_190+28.jpg,2
002_108+34.jpg,2
141_190+28.jpg,0
014_106+8.jpg,2
005_139+36.jpg,2
FIR+10.jpg,1
095_102+14.jpg,1
035_066+23.jpg,2
264_190+28.jpg,2
007_042+10.jpg,1
070_063+2.jpg,0
082_108+34.jpg,2
015_078+45.jpg,2
064_066+23.jpg,1
013_071+40.jpg,2
019_071+25.jpg,2
096_098+1.jpg,1
139_176+90.jpg,1
040_066+30.jpg,0
019_066+30.jpg,2
012_071+25.jpg,2
107_139+36.jpg,2
256_190+28.jpg,2
173_175+7.jpg,1
039_071+40.jpg,2
108_108+34.jpg,1
013_066+29.jpg,2
099_102+14.jpg,1
005_102+14.jpg,2
030_187+6.jpg,2
058_062+31.jpg,1
088_071+24.jpg,0
WAT+10.jpg,1
056_066+13.jpg,1
036_101+22.jpg,0
060_086+94.jpg,2
055_086+95.jpg,2
112_139+36.jpg,1
025_064+9.jpg,2
074_062+31.jpg,0
010_071+25.jpg,2
251_190+28.jpg,2
139_153+81.jpg,1
077_108+34.jpg,2
269_190+28.jpg,2
061_062+31.jpg,1
044_175+7.jpg,2
092_066+29.jpg,0
026_078+44.jpg,2
019_023+47.jpg,1
001_106+8.jpg,2
012_062+31.jpg,2
110_102+14.jpg,2
150_157+79.jpg,1
063_098+1.jpg,0
051_102+14.jpg,2
080_187+6-ball.jpg,0
103_175+7.jpg,2
024_100+5.jpg,2
013_098+1.jpg,2
111_106+8.jpg,0
024_078+45.jpg,2
022_100+5.jpg,2
069_175+7.jpg,2
FIG+60.jpg,1
016_020+3.jpg,1
064_175+7.jpg,2
124_102+14.jpg,0
012_190+28.jpg,2
205_190+28.jpg,2
125_187+6.jpg,2
154_157+79.jpg,1
136_190+28.jpg,2
027_098+1.jpg,2
043_190+28.jpg,0
063_086+94.jpg,2
137_108+34.jpg,0
029_165+37.jpg,2
011_020+33.jpg,1
115_187+6-ball.jpg,2
024_086+94.jpg,2
040_062+31.jpg,2
276_190+28.jpg,2
079_190+28.jpg,2
027_066+29.jpg,2
050_108+34.jpg,2
019_SV-P+49.jpg,2
055_071+24.jpg,2
003_139+36.jpg,2
035_102+14.jpg,2
080_098+1.jpg,2
304_190+28.jpg,2
140_172+72.jpg,1
004_062+31.jpg,2
107_102+14.jpg,2
013_139+36.jpg,2
350_190+28.jpg,0
016_030+66.jpg,1
064_187+6-ball.jpg,0
076_086+94.jpg,2
068_187+6.jpg,2
189_187+6.jpg,0
284_190+28.jpg,2
029_SV-P+49.jpg,2
114_101+22.jpg,0
340_190+28.jpg,0
020_022+26.jpg,1
062_071+25.jpg,1
045_165+37.jpg,2
FIR+84.jpg,1
177_SV-P+49.jpg,2
058_063+2.jpg,1
037_098+1.jpg,2
045_071+40.jpg,2
101_190+28.jpg,2
045_062+31.jpg,2
188_187+6.jpg,0
161_187+6.jpg,1
087_190+28.jpg,2
092_139+36.jpg,2
068_071+25.jpg,1
074_066+30.jpg,0
075_190+28.jpg,0
010_071+24.jpg,2
086_063+2.jpg,0
229_SV-P+49.jpg,1
052_106+8.jpg,2
051_071+25.jpg,1
089_187+6-ball.jpg,2
144_168+84.jpg,1
078_139+36.jpg,2
047_063+2.jpg,2
076_139+36.jpg,2
127_156+75.jpg,1
030_064+9.jpg,2
147_176+90.jpg,1
131_165+37.jpg,2
126_100+5.jpg,0
138_106+8.jpg,2
005_071+40.jpg,2
019_064+21.jpg,2
121_139+36.jpg,1
056_086+94.jpg,2
071_071+25.jpg,1
025_062+31.jpg,2
006_062+31.jpg,0
072_064+21.jpg,2
215_190+28.jpg,2
049_066+13.jpg,1
042_066+23.jpg,2
014_064+21.jpg,2
092_106+8.jpg,2
046_066+30.jpg,0
004_101+22.jpg,2
047_071+25.jpg,2
053_108+34.jpg,2
027_042+10.jpg,1
119_190+28.jpg,2
058_101+22.jpg,2
059_071+40.jpg,2
071_187+6.jpg,2
034_190+28.jpg,2
033_064+21.jpg,2
016_021+19.jpg,1
228_187+6.jpg,0
065_187+6.jpg,2
049_187+6.jpg,0
048_187+6-ball.jpg,0
073_078+45.jpg,1
030_190+28.jpg,2
FIG+43.jpg,1
033_175+7.jpg,2
047_078+44.jpg,2
014_024+56.jpg,1
250_190+28.jpg,2
097_100+64.jpg,1
142_157+93.jpg,1
085_139+36.jpg,0
062_064+9.jpg,1
082_066+30.jpg,0
029_098+1.jpg,2
140_SV-P+49.jpg,1
270_190+28.jpg,2
029_066+29.jpg,2
053_100+5.jpg,2
192_SV-P+49.jpg,2
137_106+8.jpg,1
LIG+36.jpg,1
036_066+30.jpg,2
130_187+6-ball.jpg,2
075_064+9.jpg,2
111_SV-P+49.jpg,2
032_078+44.jpg,2
037_102+14.jpg,2
044_062+31.jpg,2
037_066+23.jpg,2
148_165+37.jpg,2
